DVD,HHS,total,totalA,totalB
201040,1,74,0,0
201040,2,290,3,0
201040,3,381,1,0
201040,4,697,16,15
201040,5,277,0,0
201040,6,431,4,1
201040,7,174,0,0
201040,8,346,4,1
201040,9,241,0,0
201040,10,113,1,1
201041,1,69,0,0
201041,2,259,1,1
201041,3,344,1,0
201041,4,826,32,17
201041,5,302,0,0
201041,6,562,3,4
201041,7,176,0,0
201041,8,391,5,0
201041,9,349,4,1
201041,10,142,0,0
201042,1,88,0,0
201042,2,322,1,0
201042,3,401,0,0
201042,4,808,44,19
201042,5,273,0,0
201042,6,484,2,6
201042,7,181,1,0
201042,8,394,3,0
201042,9,349,2,1
201042,10,151,0,0
201043,1,87,0,0
201043,2,265,4,0
201043,3,374,0,0
201043,4,906,30,31
201043,5,353,1,0
201043,6,507,7,3
201043,7,209,0,0
201043,8,422,9,1
201043,9,266,1,1
201043,10,154,0,0
201044,1,77,0,0
201044,2,304,7,1
201044,3,331,0,0
201044,4,1048,48,62
201044,5,327,2,0
201044,6,522,8,7
201044,7,192,1,0
201044,8,463,16,1
201044,9,360,1,2
201044,10,124,0,1
201045,1,74,0,0
201045,2,344,13,0
201045,3,401,1,0
201045,4,1308,71,117
201045,5,365,2,0
201045,6,697,6,6
201045,7,204,0,0
201045,8,572,16,0
201045,9,416,2,4
201045,10,147,1,0
201046,1,75,0,0
201046,2,405,19,0
201046,3,427,3,0
201046,4,1548,61,160
201046,5,329,10,0
201046,6,651,13,11
201046,7,220,0,0
201046,8,455,24,0
201046,9,441,1,9
201046,10,145,4,0
201047,1,82,1,0
201047,2,509,24,0
201047,3,324,1,1
201047,4,1631,104,198
201047,5,370,9,0
201047,6,627,20,15
201047,7,219,1,0
201047,8,555,19,2
201047,9,381,2,1
201047,10,138,7,0
201048,1,102,0,0
201048,2,631,33,0
201048,3,405,2,0
201048,4,1404,72,152
201048,5,330,1,2
201048,6,730,20,8
201048,7,191,2,0
201048,8,565,34,2
201048,9,412,3,6
201048,10,158,3,0
201049,1,90,1,0
201049,2,484,44,0
201049,3,374,6,1
201049,4,1354,49,150
201049,5,382,7,0
201049,6,785,22,31
201049,7,257,9,0
201049,8,631,65,0
201049,9,469,3,12
201049,10,193,1,0
201050,1,102,5,0
201050,2,653,56,2
201050,3,416,5,4
201050,4,1979,112,269
201050,5,341,8,0
201050,6,1069,113,79
201050,7,254,15,0
201050,8,692,89,2
201050,9,533,3,14
201050,10,195,1,0
201051,1,104,1,0
201051,2,698,112,4
201051,3,408,9,4
201051,4,2034,154,315
201051,5,454,20,3
201051,6,1272,160,137
201051,7,263,19,1
201051,8,686,139,6
201051,9,508,10,18
201051,10,174,3,1
201052,1,101,7,0
201052,2,781,179,1
201052,3,516,26,7
201052,4,2062,134,262
201052,5,500,21,6
201052,6,1352,155,110
201052,7,325,33,0
201052,8,760,137,6
201052,9,390,15,20
201052,10,207,3,0
201101,1,159,20,3
201101,2,1101,209,8
201101,3,592,38,6
201101,4,1986,162,154
201101,5,544,22,10
201101,6,1629,242,119
201101,7,302,17,2
201101,8,904,102,12
201101,9,553,20,13
201101,10,187,7,1
201102,1,147,13,3
201102,2,919,188,10
201102,3,622,57,3
201102,4,1656,179,94
201102,5,643,49,14
201102,6,1492,261,117
201102,7,336,38,3
201102,8,900,120,16
201102,9,541,20,10
201102,10,250,12,0
201103,1,134,13,4
201103,2,942,197,4
201103,3,697,76,14
201103,4,1561,165,60
201103,5,715,79,27
201103,6,1808,328,192
201103,7,294,28,4
201103,8,982,142,33
201103,9,428,28,13
201103,10,266,16,1
201104,1,154,26,5
201104,2,936,187,18
201104,3,714,111,7
201104,4,1896,256,71
201104,5,808,98,46
201104,6,2160,407,241
201104,7,384,22,7
201104,8,1139,168,35
201104,9,587,32,14
201104,10,336,14,0
201105,1,177,27,1
201105,2,920,168,36
201105,3,919,150,14
201105,4,2284,334,81
201105,5,1008,142,66
201105,6,2173,472,280
201105,7,306,26,8
201105,8,1308,159,75
201105,9,633,50,14
201105,10,260,21,0
201106,1,193,40,2
201106,2,926,169,41
201106,3,971,152,29
201106,4,2361,380,84
201106,5,980,132,64
201106,6,2111,410,231
201106,7,358,15,12
201106,8,1483,194,132
201106,9,738,73,18
201106,10,361,30,0
201107,1,243,43,8
201107,2,996,202,57
201107,3,1113,174,38
201107,4,2639,413,79
201107,5,1163,109,94
201107,6,2285,518,253
201107,7,337,14,12
201107,8,1850,238,188
201107,9,798,99,11
201107,10,378,34,1
201108,1,238,53,10
201108,2,1011,177,62
201108,3,1163,140,46
201108,4,2273,301,65
201108,5,1191,116,99
201108,6,1861,275,162
201108,7,351,19,17
201108,8,1914,185,201
201108,9,817,80,18
201108,10,363,46,6
201109,1,238,48,4
201109,2,885,130,53
201109,3,994,108,31
201109,4,1844,183,27
201109,5,1099,103,67
201109,6,1464,153,94
201109,7,377,11,16
201109,8,1648,145,168
201109,9,805,82,6
201109,10,402,40,0
201110,1,259,43,4
201110,2,812,85,47
201110,3,895,53,33
201110,4,1626,108,24
201110,5,943,63,35
201110,6,1206,74,49
201110,7,362,10,17
201110,8,1421,122,105
201110,9,719,57,13
201110,10,469,64,0
201111,1,286,45,8
201111,2,787,62,49
201111,3,752,40,20
201111,4,1470,79,24
201111,5,830,54,33
201111,6,882,37,19
201111,7,394,4,20
201111,8,1327,103,83
201111,9,554,28,8
201111,10,380,50,0
201112,1,302,33,13
201112,2,656,50,44
201112,3,721,31,24
201112,4,1187,37,10
201112,5,697,25,20
201112,6,807,31,11
201112,7,306,4,8
201112,8,1097,73,43
201112,9,515,18,5
201112,10,414,58,3
201113,1,234,13,12
201113,2,588,51,27
201113,3,649,24,27
201113,4,910,23,2
201113,5,667,19,26
201113,6,625,10,6
201113,7,296,1,7
201113,8,962,43,39
201113,9,487,4,3
201113,10,334,22,1
201114,1,191,7,16
201114,2,582,17,38
201114,3,593,12,11
201114,4,796,4,6
201114,5,579,10,9
201114,6,621,5,0
201114,7,303,6,3
201114,8,812,33,17
201114,9,453,3,0
201114,10,332,15,5
201115,1,173,8,3
201115,2,510,11,24
201115,3,516,11,7
201115,4,747,7,5
201115,5,551,6,7
201115,6,527,6,3
201115,7,272,4,0
201115,8,658,13,12
201115,9,439,1,1
201115,10,312,10,0
201116,1,166,5,12
201116,2,417,6,12
201116,3,459,1,3
201116,4,576,1,1
201116,5,430,3,2
201116,6,448,5,2
201116,7,231,0,2
201116,8,591,7,6
201116,9,399,1,0
201116,10,260,8,0
201117,1,130,2,5
201117,2,288,8,4
201117,3,377,0,5
201117,4,490,13,4
201117,5,383,2,6
201117,6,453,5,3
201117,7,232,1,1
201117,8,444,1,2
201117,9,309,1,1
201117,10,278,4,1
201118,1,124,0,1
201118,2,326,0,4
201118,3,293,1,1
201118,4,419,3,6
201118,5,365,0,0
201118,6,347,1,2
201118,7,250,1,1
201118,8,498,1,0
201118,9,276,0,0
201118,10,219,2,1
201119,1,105,0,0
201119,2,241,0,3
201119,3,266,1,2
201119,4,407,2,3
201119,5,373,0,2
201119,6,346,0,0
201119,7,212,0,0
201119,8,396,5,1
201119,9,279,0,0
201119,10,219,3,0
201120,1,126,0,0
201120,2,314,0,1
201120,3,282,1,2
201120,4,392,0,1
201120,5,329,0,5
201120,6,341,0,0
201120,7,184,0,0
201120,8,404,4,1
201120,9,216,1,0
201120,10,175,0,0
201121,1,108,1,0
201121,2,237,1,1
201121,3,238,0,0
201121,4,358,2,0
201121,5,240,0,0
201121,6,305,1,0
201121,7,213,0,0
201121,8,367,2,0
201121,9,199,0,1
201121,10,165,0,0
201122,1,126,1,0
201122,2,217,0,0
201122,3,249,0,1
201122,4,322,2,1
201122,5,220,0,2
201122,6,264,1,0
201122,7,161,0,0
201122,8,340,1,0
201122,9,172,0,1
201122,10,173,1,0
201123,1,86,0,0
201123,2,189,0,0
201123,3,260,0,1
201123,4,269,1,1
201123,5,256,0,0
201123,6,262,1,0
201123,7,162,0,0
201123,8,290,0,0
201123,9,188,0,0
201123,10,147,0,0
201124,1,101,0,0
201124,2,176,0,0
201124,3,253,0,0
201124,4,294,5,0
201124,5,223,0,0
201124,6,259,0,0
201124,7,147,1,0
201124,8,285,0,0
201124,9,174,0,0
201124,10,90,0,0
201125,1,108,0,0
201125,2,176,0,1
201125,3,237,0,0
201125,4,213,0,0
201125,5,212,4,0
201125,6,228,0,0
201125,7,128,0,0
201125,8,225,0,0
201125,9,168,0,0
201125,10,125,0,2
201126,1,2,0,0
201126,2,143,0,0
201126,3,167,0,0
201126,4,198,1,1
201126,5,179,0,0
201126,6,162,0,0
201126,7,129,0,0
201126,8,210,0,0
201126,9,129,0,0
201126,10,107,0,0
201127,1,4,0,0
201127,2,140,0,0
201127,3,168,0,0
201127,4,198,0,1
201127,5,156,0,0
201127,6,173,0,0
201127,7,111,0,0
201127,8,170,0,0
201127,9,113,0,0
201127,10,134,0,0
201128,1,15,0,0
201128,2,134,1,0
201128,3,185,0,1
201128,4,178,0,2
201128,5,160,0,0
201128,6,175,0,0
201128,7,161,0,0
201128,8,199,0,0
201128,9,101,0,0
201128,10,93,0,0
201129,1,1,0,0
201129,2,130,1,0
201129,3,164,0,0
201129,4,190,0,3
201129,5,153,0,0
201129,6,186,1,0
201129,7,146,0,0
201129,8,183,0,0
201129,9,154,0,0
201129,10,99,0,0
201130,1,0,0,0
201130,2,99,1,0
201130,3,158,0,0
201130,4,174,2,1
201130,5,148,0,0
201130,6,177,0,0
201130,7,123,0,0
201130,8,143,0,0
201130,9,93,0,0
201130,10,100,0,0
201131,1,1,0,0
201131,2,134,0,0
201131,3,197,0,0
201131,4,180,3,2
201131,5,161,0,0
201131,6,174,0,0
201131,7,136,0,0
201131,8,171,0,0
201131,9,124,0,0
201131,10,70,0,0
201132,1,1,0,0
201132,2,133,0,1
201132,3,173,0,0
201132,4,161,4,1
201132,5,150,0,0
201132,6,241,3,0
201132,7,137,0,0
201132,8,165,0,0
201132,9,95,0,0
201132,10,71,0,0
201133,1,7,0,0
201133,2,63,0,0
201133,3,176,0,0
201133,4,198,3,1
201133,5,185,0,0
201133,6,234,1,0
201133,7,137,0,0
201133,8,178,0,0
201133,9,121,0,0
201133,10,76,0,0
201134,1,1,0,0
201134,2,133,0,0
201134,3,183,0,0
201134,4,260,4,2
201134,5,146,0,1
201134,6,212,0,0
201134,7,164,0,0
201134,8,206,1,0
201134,9,113,0,0
201134,10,96,0,0
201135,1,0,0,0
201135,2,127,0,0
201135,3,187,0,0
201135,4,301,8,1
201135,5,180,0,0
201135,6,296,1,0
201135,7,196,0,0
201135,8,235,0,0
201135,9,128,0,0
201135,10,107,0,0
201136,1,2,0,0
201136,2,61,0,0
201136,3,242,0,0
201136,4,371,7,0
201136,5,130,0,0
201136,6,381,0,0
201136,7,163,0,0
201136,8,241,0,0
201136,9,129,0,0
201136,10,94,0,0
201137,1,3,0,0
201137,2,173,0,0
201137,3,246,0,0
201137,4,377,10,2
201137,5,155,0,0
201137,6,403,0,1
201137,7,186,0,0
201137,8,236,0,0
201137,9,143,0,0
201137,10,104,0,0
201138,1,3,0,0
201138,2,183,1,0
201138,3,246,0,0
201138,4,404,5,5
201138,5,269,0,0
201138,6,371,0,0
201138,7,193,0,0
201138,8,301,0,0
201138,9,143,0,0
201138,10,152,0,0
201139,1,8,0,0
201139,2,255,0,0
201139,3,316,0,0
201139,4,450,10,4
201139,5,205,0,0
201139,6,456,0,0
201139,7,199,0,0
201139,8,308,0,0
201139,9,168,0,0
201139,10,134,0,0
201140,1,8,0,0
201140,2,222,0,0
201140,3,359,0,0
201140,4,493,5,5
201140,5,261,0,0
201140,6,399,1,0
201140,7,201,0,0
201140,8,365,2,0
201140,9,238,0,0
201140,10,149,0,0
201141,1,16,0,0
201141,2,310,0,0
201141,3,357,0,0
201141,4,437,0,6
201141,5,223,0,0
201141,6,446,2,0
201141,7,204,0,0
201141,8,394,0,0
201141,9,205,0,0
201141,10,153,0,0
201142,1,10,0,0
201142,2,317,0,0
201142,3,344,0,0
201142,4,509,7,4
201142,5,242,0,0
201142,6,479,0,1
201142,7,193,0,0
201142,8,365,0,0
201142,9,197,0,0
201142,10,151,0,0
201143,1,20,0,0
201143,2,322,1,0
201143,3,306,0,0
201143,4,708,13,8
201143,5,266,0,0
201143,6,517,1,1
201143,7,210,0,0
201143,8,378,0,0
201143,9,236,1,0
201143,10,150,2,0
201144,1,98,0,0
201144,2,319,0,0
201144,3,343,1,0
201144,4,668,7,5
201144,5,262,0,0
201144,6,586,2,2
201144,7,224,0,0
201144,8,398,1,0
201144,9,290,1,0
201144,10,155,0,0
201145,1,157,0,0
201145,2,363,1,0
201145,3,389,0,0
201145,4,780,13,11
201145,5,287,1,0
201145,6,433,2,0
201145,7,224,0,0
201145,8,473,2,0
201145,9,349,1,0
201145,10,174,0,0
201146,1,123,0,0
201146,2,384,1,1
201146,3,365,0,0
201146,4,797,7,7
201146,5,333,1,0
201146,6,569,0,0
201146,7,232,0,0
201146,8,475,4,0
201146,9,356,0,1
201146,10,187,1,0
201147,1,142,0,0
201147,2,368,0,0
201147,3,323,1,0
201147,4,795,21,14
201147,5,277,3,0
201147,6,589,4,2
201147,7,181,0,0
201147,8,438,4,0
201147,9,343,1,0
201147,10,161,1,0
201148,1,136,0,0
201148,2,406,0,0
201148,3,362,0,0
201148,4,875,14,13
201148,5,354,1,0
201148,6,609,2,0
201148,7,223,0,0
201148,8,530,7,2
201148,9,312,2,0
201148,10,173,0,0
201149,1,158,0,0
201149,2,232,0,0
201149,3,410,0,0
201149,4,821,15,13
201149,5,369,9,0
201149,6,713,15,3
201149,7,214,3,0
201149,8,511,8,1
201149,9,364,5,0
201149,10,182,0,1
201150,1,163,0,0
201150,2,223,0,0
201150,3,467,1,0
201150,4,905,17,9
201150,5,373,8,0
201150,6,751,2,1
201150,7,280,3,0
201150,8,506,11,0
201150,9,357,1,1
201150,10,199,0,1
201151,1,165,0,0
201151,2,263,0,0
201151,3,420,0,0
201151,4,957,16,11
201151,5,386,19,1
201151,6,842,11,2
201151,7,258,11,0
201151,8,537,22,2
201151,9,406,4,1
201151,10,214,2,0
201152,1,172,0,0
201152,2,268,0,0
201152,3,465,0,0
201152,4,975,22,3
201152,5,441,16,0
201152,6,973,11,1
201152,7,268,9,0
201152,8,536,9,0
201152,9,380,5,1
201152,10,215,4,0
201201,1,202,0,0
201201,2,269,1,0
201201,3,537,0,0
201201,4,895,16,2
201201,5,537,13,0
201201,6,891,8,1
201201,7,289,4,0
201201,8,619,15,1
201201,9,401,2,2
201201,10,237,2,2
201202,1,214,0,0
201202,2,284,1,0
201202,3,458,0,0
201202,4,777,13,2
201202,5,425,8,0
201202,6,840,15,0
201202,7,266,5,0
201202,8,574,14,0
201202,9,345,5,0
201202,10,241,1,0
201203,1,197,0,0
201203,2,268,3,1
201203,3,481,0,0
201203,4,752,12,0
201203,5,413,14,0
201203,6,789,14,3
201203,7,244,4,0
201203,8,630,22,1
201203,9,356,4,0
201203,10,236,6,0
201204,1,221,1,0
201204,2,252,2,1
201204,3,483,0,0
201204,4,895,28,7
201204,5,457,25,0
201204,6,812,32,4
201204,7,281,11,0
201204,8,701,30,1
201204,9,380,7,1
201204,10,248,2,1
201205,1,126,0,0
201205,2,305,6,6
201205,3,477,1,1
201205,4,844,26,7
201205,5,519,21,0
201205,6,964,50,5
201205,7,322,26,1
201205,8,911,52,2
201205,9,380,15,0
201205,10,226,4,1
201206,1,181,0,0
201206,2,296,4,3
201206,3,480,1,0
201206,4,835,26,3
201206,5,523,35,2
201206,6,971,55,6
201206,7,337,31,0
201206,8,902,72,1
201206,9,433,16,1
201206,10,237,4,2
201207,1,187,0,0
201207,2,274,5,3
201207,3,482,3,2
201207,4,1014,71,5
201207,5,617,50,4
201207,6,1134,105,10
201207,7,356,27,1
201207,8,1028,80,3
201207,9,513,14,2
201207,10,274,8,2
201208,1,161,2,0
201208,2,266,11,3
201208,3,443,8,0
201208,4,1024,79,7
201208,5,651,54,4
201208,6,1252,168,10
201208,7,357,37,0
201208,8,1062,91,0
201208,9,439,33,0
201208,10,316,16,6
201209,1,186,2,1
201209,2,299,6,2
201209,3,409,7,2
201209,4,1149,122,10
201209,5,677,58,11
201209,6,1368,231,13
201209,7,377,36,0
201209,8,1100,122,4
201209,9,491,36,4
201209,10,303,22,3
201210,1,190,6,1
201210,2,223,11,3
201210,3,473,3,2
201210,4,1067,119,8
201210,5,613,67,15
201210,6,1202,227,14
201210,7,362,37,1
201210,8,1094,159,4
201210,9,500,43,3
201210,10,317,25,8
201211,1,176,9,2
201211,2,195,22,3
201211,3,410,17,6
201211,4,1107,110,9
201211,5,691,82,29
201211,6,1165,188,17
201211,7,372,26,0
201211,8,1140,173,1
201211,9,612,62,8
201211,10,323,22,14
201212,1,189,8,1
201212,2,188,16,5
201212,3,392,13,8
201212,4,1254,116,13
201212,5,609,60,16
201212,6,902,105,16
201212,7,318,12,3
201212,8,956,139,7
201212,9,554,62,7
201212,10,373,28,32
201213,1,165,9,1
201213,2,201,6,5
201213,3,423,5,4
201213,4,1405,124,12
201213,5,505,24,15
201213,6,986,86,23
201213,7,246,4,0
201213,8,886,104,5
201213,9,596,65,14
201213,10,403,44,59
201214,1,170,13,1
201214,2,270,9,4
201214,3,347,7,11
201214,4,1028,106,14
201214,5,451,20,10
201214,6,872,73,13
201214,7,264,2,0
201214,8,694,76,7
201214,9,654,52,16
201214,10,449,39,82
201215,1,177,11,2
201215,2,142,5,4
201215,3,375,12,7
201215,4,1135,58,19
201215,5,438,15,14
201215,6,704,50,7
201215,7,267,1,1
201215,8,667,64,8
201215,9,562,40,15
201215,10,434,44,67
201216,1,178,12,3
201216,2,175,11,6
201216,3,371,13,8
201216,4,853,79,12
201216,5,342,3,9
201216,6,773,26,18
201216,7,219,1,0
201216,8,635,26,7
201216,9,397,39,15
201216,10,391,28,69
201217,1,169,11,2
201217,2,148,7,6
201217,3,283,9,13
201217,4,814,64,32
201217,5,335,9,11
201217,6,619,22,10
201217,7,225,0,3
201217,8,510,28,5
201217,9,510,20,11
201217,10,385,24,51
201218,1,133,5,0
201218,2,129,8,7
201218,3,276,8,2
201218,4,762,53,25
201218,5,286,7,9
201218,6,521,17,8
201218,7,204,0,0
201218,8,476,16,0
201218,9,478,19,11
201218,10,320,8,33
201219,1,143,1,0
201219,2,160,13,7
201219,3,298,8,12
201219,4,729,43,34
201219,5,242,8,11
201219,6,442,4,6
201219,7,184,1,1
201219,8,334,11,4
201219,9,461,15,6
201219,10,283,12,26
201220,1,180,5,1
201220,2,127,6,6
201220,3,238,1,7
201220,4,691,33,36
201220,5,273,0,10
201220,6,417,7,4
201220,7,161,0,1
201220,8,305,10,5
201220,9,453,12,13
201220,10,313,9,46
201221,1,128,2,2
201221,2,122,6,3
201221,3,254,2,3
201221,4,781,48,61
201221,5,228,2,5
201221,6,454,6,1
201221,7,159,0,1
201221,8,299,0,1
201221,9,392,5,10
201221,10,393,7,38
201222,1,143,2,0
201222,2,102,0,3
201222,3,220,3,4
201222,4,822,34,89
201222,5,179,0,5
201222,6,356,7,2
201222,7,130,0,0
201222,8,239,4,5
201222,9,498,13,13
201222,10,261,10,22
201223,1,117,0,0
201223,2,103,1,0
201223,3,217,1,1
201223,4,814,30,105
201223,5,153,0,1
201223,6,326,4,3
201223,7,162,0,0
201223,8,264,1,2
201223,9,279,5,5
201223,10,234,3,5
201224,1,113,0,0
201224,2,108,2,3
201224,3,197,2,1
201224,4,752,36,89
201224,5,152,0,4
201224,6,302,4,3
201224,7,156,0,1
201224,8,234,3,3
201224,9,349,7,7
201224,10,208,2,15
201225,1,100,0,1
201225,2,86,0,0
201225,3,215,2,0
201225,4,619,15,60
201225,5,133,0,1
201225,6,326,3,3
201225,7,133,0,0
201225,8,214,0,0
201225,9,280,6,2
201225,10,177,2,4
201226,1,107,0,0
201226,2,96,1,0
201226,3,178,0,2
201226,4,593,21,70
201226,5,107,0,1
201226,6,264,0,0
201226,7,137,0,0
201226,8,104,0,0
201226,9,280,0,2
201226,10,154,0,3
201227,1,101,0,0
201227,2,81,0,0
201227,3,180,0,0
201227,4,473,13,30
201227,5,62,0,0
201227,6,241,0,1
201227,7,111,0,0
201227,8,174,0,0
201227,9,227,5,3
201227,10,114,0,2
201228,1,95,0,1
201228,2,62,1,0
201228,3,187,0,0
201228,4,421,14,27
201228,5,88,0,0
201228,6,281,2,0
201228,7,137,0,0
201228,8,180,0,0
201228,9,210,0,0
201228,10,120,0,0
201229,1,84,0,0
201229,2,74,0,0
201229,3,168,0,0
201229,4,421,11,20
201229,5,103,0,0
201229,6,298,0,1
201229,7,145,0,0
201229,8,208,0,0
201229,9,218,0,1
201229,10,127,0,0
201230,1,98,0,0
201230,2,70,0,0
201230,3,188,0,1
201230,4,402,9,10
201230,5,78,1,0
201230,6,268,0,1
201230,7,103,0,0
201230,8,206,1,0
201230,9,201,3,2
201230,10,138,0,0
201231,1,120,0,0
201231,2,58,0,0
201231,3,169,0,0
201231,4,368,4,14
201231,5,73,1,0
201231,6,296,0,2
201231,7,118,0,0
201231,8,205,0,0
201231,9,243,7,0
201231,10,105,0,1
201232,1,96,0,0
201232,2,66,0,0
201232,3,177,0,0
201232,4,370,6,9
201232,5,80,0,0
201232,6,312,1,2
201232,7,122,0,1
201232,8,187,0,0
201232,9,248,5,1
201232,10,124,0,0
201233,1,110,1,0
201233,2,60,0,0
201233,3,170,0,0
201233,4,455,8,14
201233,5,111,0,0
201233,6,348,1,0
201233,7,121,0,1
201233,8,192,2,1
201233,9,253,5,1
201233,10,121,2,0
201234,1,100,0,0
201234,2,85,0,0
201234,3,215,0,0
201234,4,436,12,9
201234,5,128,0,0
201234,6,372,1,4
201234,7,156,1,0
201234,8,204,0,0
201234,9,311,8,1
201234,10,147,0,0
201235,1,95,0,0
201235,2,69,0,0
201235,3,245,0,0
201235,4,511,8,11
201235,5,130,0,0
201235,6,355,1,0
201235,7,194,0,0
201235,8,216,1,0
201235,9,284,2,1
201235,10,132,0,0
201236,1,97,0,0
201236,2,92,0,0
201236,3,182,0,0
201236,4,645,8,22
201236,5,129,1,0
201236,6,417,0,1
201236,7,194,0,0
201236,8,231,0,0
201236,9,304,7,2
201236,10,128,0,0
201237,1,95,0,0
201237,2,96,0,0
201237,3,259,0,0
201237,4,676,9,25
201237,5,162,0,1
201237,6,504,0,3
201237,7,210,0,1
201237,8,311,0,2
201237,9,300,2,0
201237,10,169,0,0
201238,1,129,0,0
201238,2,110,0,0
201238,3,255,0,0
201238,4,740,9,28
201238,5,164,1,0
201238,6,545,4,5
201238,7,206,0,2
201238,8,384,2,1
201238,9,296,3,0
201238,10,143,0,0
201239,1,136,0,0
201239,2,123,0,0
201239,3,251,0,1
201239,4,755,12,37
201239,5,178,0,0
201239,6,524,2,0
201239,7,229,0,1
201239,8,423,0,1
201239,9,260,0,0
201239,10,191,1,1
201240,1,155,0,0
201240,2,387,0,1
201240,3,270,0,0
201240,4,863,6,30
201240,5,244,0,0
201240,6,563,4,8
201240,7,243,0,2
201240,8,444,2,0
201240,9,347,5,1
201240,10,206,1,1
201241,1,161,0,0
201241,2,396,2,2
201241,3,300,1,1
201241,4,940,21,39
201241,5,248,1,1
201241,6,641,2,6
201241,7,304,0,10
201241,8,564,1,2
201241,9,357,2,0
201241,10,201,1,0
201242,1,180,0,0
201242,2,433,5,0
201242,3,342,3,0
201242,4,1126,32,39
201242,5,262,1,1
201242,6,639,5,12
201242,7,338,1,16
201242,8,506,4,6
201242,9,341,2,0
201242,10,115,2,0
201243,1,187,0,0
201243,2,436,5,1
201243,3,272,1,0
201243,4,1133,35,43
201243,5,309,2,4
201243,6,571,5,3
201243,7,299,2,16
201243,8,530,1,6
201243,9,369,7,0
201243,10,186,1,0
201244,1,173,0,0
201244,2,317,4,1
201244,3,285,3,0
201244,4,1129,53,29
201244,5,266,1,3
201244,6,699,13,26
201244,7,278,0,5
201244,8,592,4,18
201244,9,422,5,0
201244,10,220,5,1
201245,1,162,0,0
201245,2,432,7,1
201245,3,337,1,0
201245,4,1262,78,50
201245,5,287,2,5
201245,6,909,28,26
201245,7,346,1,17
201245,8,694,6,23
201245,9,542,3,0
201245,10,238,4,0
201246,1,139,1,0
201246,2,469,18,2
201246,3,365,5,1
201246,4,1441,150,53
201246,5,287,10,9
201246,6,1000,37,42
201246,7,319,1,15
201246,8,701,11,28
201246,9,449,5,2
201246,10,240,8,0
201247,1,127,0,0
201247,2,491,17,3
201247,3,341,5,1
201247,4,1943,295,58
201247,5,310,9,10
201247,6,1093,97,73
201247,7,314,1,23
201247,8,744,14,56
201247,9,444,5,0
201247,10,276,10,0
201248,1,150,1,0
201248,2,597,48,6
201248,3,396,15,4
201248,4,2286,411,86
201248,5,339,24,13
201248,6,1394,85,88
201248,7,358,2,33
201248,8,952,38,76
201248,9,411,1,0
201248,10,271,13,0
201249,1,167,7,2
201249,2,793,80,10
201249,3,574,72,9
201249,4,2822,687,92
201249,5,483,48,19
201249,6,1671,176,140
201249,7,372,6,20
201249,8,1198,54,123
201249,9,476,5,2
201249,10,331,35,1
201250,1,183,23,2
201250,2,1141,220,9
201250,3,722,111,11
201250,4,3175,669,71
201250,5,672,105,39
201250,6,2068,217,234
201250,7,377,13,21
201250,8,1442,110,149
201250,9,561,18,3
201250,10,341,37,0
201251,1,253,37,2
201251,2,1327,351,17
201251,3,1025,245,32
201251,4,2953,561,76
201251,5,809,144,44
201251,6,2561,356,350
201251,7,384,22,23
201251,8,1798,207,193
201251,9,559,11,2
201251,10,396,58,6
201252,1,313,61,1
201252,2,1510,353,14
201252,3,1200,335,21
201252,4,3082,588,120
201252,5,965,180,72
201252,6,2741,423,390
201252,7,395,22,35
201252,8,2308,357,247
201252,9,664,19,4
201252,10,397,79,5
201301,1,414,99,1
201301,2,1812,455,23
201301,3,1408,347,26
201301,4,2898,536,136
201301,5,1069,198,58
201301,6,2924,469,318
201301,7,429,20,35
201301,8,2963,510,239
201301,9,759,51,10
201301,10,495,95,2
201302,1,444,82,3
201302,2,2216,552,51
201302,3,1637,394,33
201302,4,2740,440,101
201302,5,1220,197,54
201302,6,3256,590,344
201302,7,481,42,30
201302,8,3252,608,215
201302,9,836,71,16
201302,10,641,130,4
201303,1,432,64,7
201303,2,2431,473,58
201303,3,1469,310,54
201303,4,2480,369,96
201303,5,1160,204,77
201303,6,2938,561,269
201303,7,502,50,36
201303,8,3037,547,188
201303,9,999,98,13
201303,10,704,121,5
201304,1,347,49,7
201304,2,1962,291,50
201304,3,1206,189,49
201304,4,2156,380,92
201304,5,1030,158,60
201304,6,2922,485,285
201304,7,447,33,28
201304,8,2775,445,180
201304,9,1268,231,37
201304,10,673,121,17
201305,1,294,27,2
201305,2,1716,234,59
201305,3,1107,119,62
201305,4,1946,198,134
201305,5,887,108,50
201305,6,2199,301,212
201305,7,310,41,26
201305,8,2522,307,164
201305,9,1264,185,53
201305,10,627,80,13
201306,1,243,18,3
201306,2,1429,108,110
201306,3,927,76,70
201306,4,1997,151,181
201306,5,793,90,63
201306,6,1803,215,140
201306,7,470,19,36
201306,8,2471,275,137
201306,9,1274,137,64
201306,10,601,54,6
201307,1,192,10,5
201307,2,1231,85,113
201307,3,769,42,86
201307,4,2013,141,203
201307,5,770,62,53
201307,6,1497,103,82
201307,7,446,17,33
201307,8,2107,178,141
201307,9,1180,89,50
201307,10,497,31,7
201308,1,204,4,7
201308,2,1118,67,132
201308,3,725,41,101
201308,4,1996,123,197
201308,5,635,37,43
201308,6,1406,83,123
201308,7,427,10,12
201308,8,1817,121,104
201308,9,961,71,49
201308,10,402,18,7
201309,1,158,6,11
201309,2,1127,34,121
201309,3,842,25,111
201309,4,1893,99,229
201309,5,560,27,45
201309,6,1189,54,104
201309,7,370,10,8
201309,8,1543,81,80
201309,9,887,52,39
201309,10,367,9,7
201310,1,165,7,13
201310,2,991,28,109
201310,3,873,31,165
201310,4,1902,66,238
201310,5,475,20,28
201310,6,1310,57,87
201310,7,348,8,4
201310,8,1363,61,84
201310,9,874,30,47
201310,10,359,7,8
201311,1,213,0,15
201311,2,1075,16,150
201311,3,886,19,159
201311,4,1814,91,182
201311,5,447,17,33
201311,6,1122,34,73
201311,7,326,16,7
201311,8,1194,45,47
201311,9,845,18,52
201311,10,358,7,11
201312,1,205,2,16
201312,2,995,16,129
201312,3,759,12,137
201312,4,1591,68,152
201312,5,396,11,18
201312,6,1058,28,45
201312,7,277,11,8
201312,8,1080,30,54
201312,9,759,16,39
201312,10,296,2,8
201313,1,174,4,8
201313,2,851,8,115
201313,3,671,14,93
201313,4,1487,45,119
201313,5,321,6,18
201313,6,858,12,45
201313,7,274,9,5
201313,8,971,20,46
201313,9,725,12,41
201313,10,281,5,4
201314,1,181,6,15
201314,2,718,7,70
201314,3,504,8,69
201314,4,1304,42,125
201314,5,305,8,27
201314,6,802,16,30
201314,7,279,7,4
201314,8,833,18,26
201314,9,676,16,26
201314,10,226,1,2
201315,1,188,3,17
201315,2,681,2,60
201315,3,523,6,44
201315,4,1109,31,77
201315,5,300,6,9
201315,6,793,8,17
201315,7,301,7,4
201315,8,658,13,15
201315,9,612,11,25
201315,10,212,1,3
201316,1,202,1,6
201316,2,580,1,35
201316,3,387,5,13
201316,4,1012,26,46
201316,5,283,5,14
201316,6,741,8,8
201316,7,284,7,6
201316,8,572,6,12
201316,9,540,7,20
201316,10,222,0,5
201317,1,125,0,7
201317,2,528,2,21
201317,3,363,3,8
201317,4,926,23,35
201317,5,218,5,6
201317,6,681,4,9
201317,7,293,4,0
201317,8,574,3,5
201317,9,546,11,28
201317,10,185,1,3
201318,1,159,1,8
201318,2,574,0,17
201318,3,326,1,5
201318,4,848,13,22
201318,5,196,1,5
201318,6,637,3,6
201318,7,325,3,0
201318,8,519,1,8
201318,9,516,9,19
201318,10,149,0,0
201319,1,152,0,6
201319,2,577,0,5
201319,3,284,0,0
201319,4,727,21,31
201319,5,196,1,4
201319,6,564,1,9
201319,7,304,1,0
201319,8,524,4,4
201319,9,502,3,18
201319,10,137,0,0
201320,1,165,0,2
201320,2,435,2,3
201320,3,294,0,3
201320,4,682,11,20
201320,5,202,1,2
201320,6,503,1,0
201320,7,265,0,3
201320,8,457,2,4
201320,9,556,7,19
201320,10,155,0,0
201321,1,148,0,0
201321,2,459,3,1
201321,3,266,0,1
201321,4,773,17,32
201321,5,200,0,4
201321,6,426,1,1
201321,7,269,0,0
201321,8,424,0,3
201321,9,553,2,12
201321,10,104,0,0
201322,1,148,0,0
201322,2,384,0,1
201322,3,237,0,0
201322,4,668,21,29
201322,5,178,0,0
201322,6,420,3,1
201322,7,210,1,0
201322,8,405,1,0
201322,9,449,5,13
201322,10,144,0,2
201323,1,155,0,1
201323,2,397,3,0
201323,3,260,0,0
201323,4,554,22,17
201323,5,159,0,1
201323,6,406,2,3
201323,7,251,0,0
201323,8,406,0,0
201323,9,518,6,15
201323,10,161,1,0
201324,1,129,0,0
201324,2,345,0,0
201324,3,235,0,0
201324,4,571,26,11
201324,5,158,0,0
201324,6,333,2,1
201324,7,223,0,0
201324,8,345,1,0
201324,9,426,3,13
201324,10,151,0,0
201325,1,99,0,0
201325,2,347,1,1
201325,3,203,0,0
201325,4,564,28,7
201325,5,142,0,0
201325,6,437,2,0
201325,7,224,0,0
201325,8,351,0,0
201325,9,403,1,13
201325,10,133,0,0
201326,1,110,1,0
201326,2,289,0,0
201326,3,213,0,0
201326,4,490,19,4
201326,5,147,4,0
201326,6,446,1,0
201326,7,182,0,0
201326,8,354,1,0
201326,9,310,1,2
201326,10,132,0,0
201327,1,75,0,0
201327,2,298,0,0
201327,3,220,0,0
201327,4,452,21,4
201327,5,124,1,0
201327,6,246,2,0
201327,7,166,0,0
201327,8,296,3,0
201327,9,320,1,4
201327,10,106,0,0
201328,1,98,1,0
201328,2,288,0,0
201328,3,190,0,0
201328,4,526,28,2
201328,5,137,0,0
201328,6,261,0,1
201328,7,188,1,0
201328,8,295,1,0
201328,9,327,3,2
201328,10,116,1,0
201329,1,93,0,0
201329,2,246,0,0
201329,3,220,7,0
201329,4,517,24,6
201329,5,130,0,0
201329,6,204,0,2
201329,7,196,0,0
201329,8,305,2,0
201329,9,274,2,1
201329,10,113,0,0
201330,1,81,0,0
201330,2,297,1,0
201330,3,200,0,0
201330,4,397,23,2
201330,5,104,0,0
201330,6,184,1,0
201330,7,167,0,0
201330,8,275,2,0
201330,9,226,0,2
201330,10,135,0,0
201331,1,71,0,0
201331,2,289,0,0
201331,3,183,0,0
201331,4,498,25,5
201331,5,115,0,0
201331,6,257,5,2
201331,7,196,0,0
201331,8,270,0,0
201331,9,268,1,2
201331,10,138,1,0
201332,1,82,0,0
201332,2,291,0,0
201332,3,189,0,0
201332,4,457,19,2
201332,5,120,0,0
201332,6,257,4,0
201332,7,195,0,0
201332,8,283,1,0
201332,9,280,2,1
201332,10,114,0,0
201333,1,80,0,0
201333,2,269,0,0
201333,3,159,0,0
201333,4,433,30,5
201333,5,130,0,0
201333,6,259,3,1
201333,7,195,0,0
201333,8,285,0,0
201333,9,240,0,0
201333,10,100,1,0
201334,1,71,0,0
201334,2,299,0,0
201334,3,203,1,0
201334,4,561,38,1
201334,5,134,0,0
201334,6,253,2,0
201334,7,194,0,0
201334,8,303,0,0
201334,9,252,0,0
201334,10,103,0,0
201335,1,71,0,0
201335,2,286,1,0
201335,3,220,1,0
201335,4,713,63,4
201335,5,125,0,0
201335,6,332,2,2
201335,7,270,0,2
201335,8,341,0,0
201335,9,310,0,0
201335,10,111,0,0
201336,1,61,0,0
201336,2,260,1,0
201336,3,269,0,0
201336,4,830,66,10
201336,5,132,2,0
201336,6,430,1,0
201336,7,234,0,0
201336,8,321,1,0
201336,9,274,1,0
201336,10,102,1,0
201337,1,81,0,0
201337,2,318,0,0
201337,3,262,0,0
201337,4,822,56,3
201337,5,161,0,0
201337,6,440,1,2
201337,7,265,0,0
201337,8,443,2,0
201337,9,290,1,0
201337,10,151,0,0
201338,1,92,1,0
201338,2,359,3,0
201338,3,280,0,0
201338,4,852,52,14
201338,5,206,0,0
201338,6,539,0,3
201338,7,252,0,0
201338,8,489,1,2
201338,9,284,2,0
201338,10,149,1,1
201339,1,126,0,0
201339,2,516,4,1
201339,3,325,1,0
201339,4,1036,95,13
201339,5,200,1,0
201339,6,567,0,2
201339,7,280,0,0
201339,8,483,2,0
201339,9,357,1,0
201339,10,188,2,0
201340,1,132,0,0
201340,2,473,2,1
201340,3,342,0,0
201340,4,1160,77,15
201340,5,277,3,1
201340,6,483,4,0
201340,7,316,1,1
201340,8,589,4,3
201340,9,312,1,1
201340,10,197,1,1
201341,1,156,0,0
201341,2,493,1,0
201341,3,363,0,0
201341,4,1313,107,22
201341,5,326,1,0
201341,6,665,5,2
201341,7,360,0,1
201341,8,680,2,1
201341,9,481,3,1
201341,10,200,4,1
201342,1,175,0,0
201342,2,524,1,0
201342,3,384,0,1
201342,4,1269,82,14
201342,5,341,1,1
201342,6,612,2,3
201342,7,342,0,1
201342,8,663,4,2
201342,9,485,4,0
201342,10,189,0,0
201343,1,135,1,0
201343,2,533,0,0
201343,3,387,3,0
201343,4,1372,88,11
201343,5,293,2,0
201343,6,678,9,3
201343,7,323,1,0
201343,8,639,2,0
201343,9,395,2,0
201343,10,173,0,0
201344,1,178,0,0
201344,2,542,3,0
201344,3,386,0,0
201344,4,1445,114,22
201344,5,313,3,0
201344,6,719,11,2
201344,7,382,0,1
201344,8,699,12,1
201344,9,424,1,2
201344,10,204,1,1
201345,1,188,0,0
201345,2,614,5,2
201345,3,455,1,1
201345,4,1564,144,17
201345,5,324,4,2
201345,6,830,29,6
201345,7,375,0,1
201345,8,729,12,4
201345,9,467,4,1
201345,10,230,0,1
201346,1,196,1,0
201346,2,631,4,3
201346,3,471,1,0
201346,4,1593,129,21
201346,5,275,3,0
201346,6,1000,48,6
201346,7,349,4,0
201346,8,729,29,2
201346,9,460,4,1
201346,10,233,3,0
201347,1,169,1,0
201347,2,650,4,0
201347,3,443,2,0
201347,4,1776,152,44
201347,5,311,8,0
201347,6,986,52,2
201347,7,385,3,0
201347,8,838,53,0
201347,9,511,4,0
201347,10,247,4,0
201348,1,164,2,0
201348,2,596,14,1
201348,3,402,6,1
201348,4,1873,198,27
201348,5,305,15,1
201348,6,1084,105,4
201348,7,327,11,1
201348,8,828,93,1
201348,9,474,8,1
201348,10,247,7,0
201349,1,233,6,0
201349,2,775,18,8
201349,3,547,22,0
201349,4,2274,342,34
201349,5,436,36,1
201349,6,1505,229,5
201349,7,388,15,0
201349,8,1134,130,3
201349,9,492,6,2
201349,10,260,7,0
201350,1,205,3,0
201350,2,750,31,3
201350,3,538,16,1
201350,4,2317,337,25
201350,5,460,60,2
201350,6,1793,401,8
201350,7,361,38,0
201350,8,1176,225,1
201350,9,500,10,1
201350,10,300,19,0
201351,1,194,5,0
201351,2,864,69,1
201351,3,619,62,1
201351,4,2748,519,32
201351,5,712,148,0
201351,6,3209,1018,20
201351,7,396,41,0
201351,8,1571,401,0
201351,9,578,35,1
201351,10,371,48,1
201352,1,211,7,1
201352,2,985,134,2
201352,3,692,80,0
201352,4,2886,519,55
201352,5,805,218,0
201352,6,3588,1017,18
201352,7,390,57,0
201352,8,2105,611,3
201352,9,697,58,2
201352,10,410,74,2
201401,1,293,24,0
201401,2,1130,163,2
201401,3,938,128,1
201401,4,2773,383,44
201401,5,1159,295,0
201401,6,3373,816,19
201401,7,496,69,0
201401,8,2628,655,1
201401,9,939,113,2
201401,10,500,98,0
201402,1,351,49,0
201402,2,1306,180,0
201402,3,974,165,0
201402,4,2611,300,51
201402,5,1113,229,0
201402,6,2880,557,21
201402,7,453,59,0
201402,8,2448,452,0
201402,9,1064,182,3
201402,10,598,100,0
201403,1,358,44,1
201403,2,1263,219,2
201403,3,1000,181,0
201403,4,2185,267,55
201403,5,998,147,0
201403,6,2636,447,21
201403,7,495,55,0
201403,8,2170,332,4
201403,9,1195,184,4
201403,10,534,75,3
201404,1,402,45,1
201404,2,1369,268,6
201404,3,1027,185,1
201404,4,2163,216,63
201404,5,896,129,0
201404,6,2235,281,34
201404,7,445,30,0
201404,8,1897,206,5
201404,9,1267,190,3
201404,10,509,55,0
201405,1,413,57,0
201405,2,1295,168,8
201405,3,1014,155,3
201405,4,2090,232,62
201405,5,664,69,1
201405,6,1849,173,31
201405,7,440,33,0
201405,8,1643,151,3
201405,9,1192,149,13
201405,10,487,44,0
201406,1,318,39,0
201406,2,1142,173,15
201406,3,923,147,2
201406,4,2011,151,71
201406,5,572,44,0
201406,6,1478,105,36
201406,7,431,24,0
201406,8,1445,83,0
201406,9,990,86,9
201406,10,432,28,2
201407,1,362,40,2
201407,2,1094,145,23
201407,3,869,142,2
201407,4,1591,120,42
201407,5,550,32,0
201407,6,1425,96,41
201407,7,403,18,0
201407,8,1358,60,1
201407,9,1126,67,10
201407,10,459,42,0
201408,1,367,31,2
201408,2,971,81,18
201408,3,868,116,3
201408,4,1535,84,44
201408,5,513,22,3
201408,6,1442,62,54
201408,7,400,9,0
201408,8,1366,39,4
201408,9,949,58,4
201408,10,387,24,5
201409,1,355,24,2
201409,2,948,78,39
201409,3,720,66,4
201409,4,1491,60,40
201409,5,505,11,2
201409,6,1209,47,51
201409,7,449,10,0
201409,8,1235,24,6
201409,9,987,49,8
201409,10,363,12,2
201410,1,324,30,4
201410,2,894,45,50
201410,3,665,58,6
201410,4,1371,48,32
201410,5,471,23,2
201410,6,1219,41,59
201410,7,388,12,1
201410,8,1237,27,7
201410,9,862,26,2
201410,10,314,6,2
201411,1,383,40,4
201411,2,941,57,85
201411,3,685,36,11
201411,4,1334,43,22
201411,5,412,15,7
201411,6,990,17,51
201411,7,443,9,0
201411,8,1071,22,7
201411,9,784,17,4
201411,10,300,6,1
201412,1,335,39,11
201412,2,977,60,110
201412,3,650,35,14
201412,4,1301,74,38
201412,5,367,13,6
201412,6,919,13,59
201412,7,327,6,0
201412,8,992,14,12
201412,9,665,9,5
201412,10,248,3,3
201413,1,381,38,20
201413,2,1099,68,149
201413,3,609,33,22
201413,4,1270,70,33
201413,5,305,6,8
201413,6,694,9,51
201413,7,349,3,1
201413,8,898,22,16
201413,9,629,10,7
201413,10,251,1,6
201414,1,362,24,25
201414,2,1072,82,161
201414,3,497,20,30
201414,4,1138,53,29
201414,5,300,14,10
201414,6,793,20,57
201414,7,352,10,1
201414,8,793,13,15
201414,9,548,4,5
201414,10,237,0,7
201415,1,429,47,28
201415,2,1093,74,153
201415,3,493,21,39
201415,4,1075,76,30
201415,5,286,7,9
201415,6,729,12,39
201415,7,329,11,3
201415,8,763,13,14
201415,9,512,5,9
201415,10,232,3,5
201416,1,361,43,32
201416,2,1004,65,107
201416,3,442,22,27
201416,4,995,63,45
201416,5,268,7,7
201416,6,717,7,27
201416,7,343,8,3
201416,8,716,6,19
201416,9,432,3,10
201416,10,233,1,5
201417,1,379,22,38
201417,2,846,52,63
201417,3,437,13,15
201417,4,1058,72,48
201417,5,251,8,14
201417,6,617,4,23
201417,7,334,9,6
201417,8,726,15,21
201417,9,433,0,5
201417,10,178,1,2
201418,1,321,7,37
201418,2,689,29,40
201418,3,427,18,24
201418,4,1149,89,74
201418,5,250,5,13
201418,6,629,2,30
201418,7,333,8,8
201418,8,621,12,21
201418,9,356,2,9
201418,10,149,0,3
201419,1,225,5,13
201419,2,674,21,38
201419,3,358,11,12
201419,4,1013,72,61
201419,5,226,2,7
201419,6,602,6,16
201419,7,365,5,4
201419,8,587,18,22
201419,9,365,4,5
201419,10,176,3,4
201420,1,240,3,9
201420,2,644,23,25
201420,3,325,6,4
201420,4,1002,63,55
201420,5,192,4,5
201420,6,579,5,21
201420,7,320,3,3
201420,8,636,9,27
201420,9,378,7,7
201420,10,162,3,1
201421,1,201,2,4
201421,2,551,12,7
201421,3,314,5,1
201421,4,844,37,51
201421,5,229,5,8
201421,6,528,1,13
201421,7,330,2,2
201421,8,599,10,24
201421,9,395,6,8
201421,10,159,0,1
201422,1,167,0,1
201422,2,515,4,5
201422,3,285,2,3
201422,4,865,45,56
201422,5,236,2,1
201422,6,528,2,4
201422,7,303,3,2
201422,8,570,18,13
201422,9,468,16,15
201422,10,152,0,1
201423,1,210,2,0
201423,2,437,3,1
201423,3,293,0,0
201423,4,744,30,45
201423,5,192,1,1
201423,6,495,5,13
201423,7,300,0,0
201423,8,577,7,15
201423,9,433,12,8
201423,10,111,0,1
201424,1,158,0,0
201424,2,441,1,1
201424,3,228,1,1
201424,4,755,30,47
201424,5,179,0,0
201424,6,475,13,8
201424,7,286,1,0
201424,8,528,1,6
201424,9,454,8,13
201424,10,171,1,4
201425,1,147,1,0
201425,2,369,1,1
201425,3,287,0,0
201425,4,648,26,31
201425,5,140,0,2
201425,6,441,2,2
201425,7,243,0,0
201425,8,496,6,5
201425,9,495,9,12
201425,10,160,3,4
201426,1,127,0,2
201426,2,380,1,0
201426,3,236,0,0
201426,4,522,20,25
201426,5,157,1,1
201426,6,388,0,2
201426,7,245,0,0
201426,8,417,2,5
201426,9,393,6,7
201426,10,115,2,1
201427,1,121,0,0
201427,2,390,1,0
201427,3,178,0,1
201427,4,559,19,38
201427,5,120,0,0
201427,6,338,0,1
201427,7,214,0,0
201427,8,369,1,4
201427,9,376,4,4
201427,10,135,2,2
201428,1,125,0,0
201428,2,374,3,0
201428,3,172,0,1
201428,4,525,22,22
201428,5,115,1,0
201428,6,362,0,2
201428,7,244,2,0
201428,8,377,0,0
201428,9,318,7,6
201428,10,114,1,2
201429,1,113,0,0
201429,2,342,2,0
201429,3,205,0,0
201429,4,556,15,18
201429,5,108,0,0
201429,6,409,0,2
201429,7,229,0,1
201429,8,442,0,1
201429,9,335,3,9
201429,10,105,1,0
201430,1,103,0,0
201430,2,358,0,0
201430,3,196,0,0
201430,4,569,18,18
201430,5,111,0,0
201430,6,327,0,1
201430,7,237,0,1
201430,8,374,1,0
201430,9,390,8,8
201430,10,133,0,1
201431,1,84,0,0
201431,2,330,2,0
201431,3,212,0,0
201431,4,531,12,1
201431,5,116,0,0
201431,6,298,0,0
201431,7,257,0,0
201431,8,376,2,0
201431,9,294,10,1
201431,10,110,2,0
201432,1,81,0,0
201432,2,258,0,0
201432,3,222,0,0
201432,4,581,6,6
201432,5,94,0,0
201432,6,295,2,0
201432,7,282,0,0
201432,8,386,0,2
201432,9,316,8,3
201432,10,128,0,1
201433,1,131,0,0
201433,2,309,2,0
201433,3,191,0,0
201433,4,683,16,16
201433,5,140,3,0
201433,6,281,1,0
201433,7,324,0,0
201433,8,433,0,1
201433,9,334,5,3
201433,10,117,0,1
201434,1,88,0,1
201434,2,267,2,0
201434,3,227,0,0
201434,4,687,13,19
201434,5,136,1,1
201434,6,276,0,2
201434,7,438,0,0
201434,8,447,1,0
201434,9,327,5,1
201434,10,103,0,0
201435,1,91,0,0
201435,2,292,0,0
201435,3,242,0,0
201435,4,882,17,17
201435,5,124,0,1
201435,6,339,0,3
201435,7,676,0,0
201435,8,493,1,0
201435,9,371,9,4
201435,10,108,1,0
201436,1,100,0,0
201436,2,310,1,0
201436,3,324,0,0
201436,4,834,23,14
201436,5,136,0,0
201436,6,431,0,1
201436,7,524,3,0
201436,8,639,0,1
201436,9,395,7,1
201436,10,110,0,0
201437,1,124,0,0
201437,2,326,1,0
201437,3,401,0,0
201437,4,950,24,5
201437,5,322,1,0
201437,6,578,0,2
201437,7,520,1,0
201437,8,858,0,0
201437,9,406,6,0
201437,10,157,0,0
201438,1,137,0,0
201438,2,461,0,0
201438,3,437,1,0
201438,4,1069,17,35
201438,5,272,1,0
201438,6,614,3,4
201438,7,469,2,0
201438,8,806,2,3
201438,9,464,9,1
201438,10,211,0,0
201439,1,155,1,0
201439,2,538,0,2
201439,3,408,0,0
201439,4,1195,26,27
201439,5,276,0,2
201439,6,689,6,13
201439,7,449,0,1
201439,8,764,2,0
201439,9,485,17,2
201439,10,234,2,0
201440,1,383,7,1
201440,2,1085,1,3
201440,3,664,4,4
201440,4,2272,68,56
201440,5,835,3,1
201440,6,991,7,11
201440,7,629,6,2
201440,8,768,2,3
201440,9,723,7,2
201440,10,312,1,0
201441,1,420,2,1
201441,2,1113,7,2
201441,3,839,4,4
201441,4,2900,98,83
201441,5,934,10,2
201441,6,1209,18,25
201441,7,656,7,0
201441,8,762,1,0
201441,9,729,10,6
201441,10,350,3,3
201442,1,444,2,2
201442,2,1197,6,6
201442,3,817,6,1
201442,4,3160,138,86
201442,5,1045,7,4
201442,6,1393,28,29
201442,7,622,6,3
201442,8,784,3,1
201442,9,712,10,3
201442,10,375,3,1
201443,1,416,1,1
201443,2,1150,1,0
201443,3,837,7,5
201443,4,3008,134,59
201443,5,974,18,3
201443,6,1321,45,24
201443,7,598,3,3
201443,8,711,2,2
201443,9,690,3,1
201443,10,368,8,0
201444,1,413,2,3
201444,2,1072,3,5
201444,3,817,13,6
201444,4,3091,165,59
201444,5,1044,26,4
201444,6,1315,76,20
201444,7,607,4,7
201444,8,726,9,1
201444,9,682,18,1
201444,10,382,10,1
201445,1,490,0,3
201445,2,1159,9,3
201445,3,919,13,6
201445,4,3436,276,66
201445,5,1259,71,3
201445,6,1420,123,32
201445,7,673,29,6
201445,8,714,10,3
201445,9,796,4,4
201445,10,372,20,0
201446,1,469,3,3
201446,2,1208,12,5
201446,3,908,13,3
201446,4,3695,302,73
201446,5,1520,117,3
201446,6,1694,210,28
201446,7,717,39,6
201446,8,774,15,1
201446,9,730,6,2
201446,10,408,16,2
201447,1,530,5,1
201447,2,1242,13,0
201447,3,903,37,7
201447,4,4231,454,63
201447,5,1840,274,1
201447,6,2368,480,40
201447,7,925,83,2
201447,8,879,46,3
201447,9,712,5,2
201447,10,403,29,3
201448,1,439,9,0
201448,2,1225,33,3
201448,3,1053,51,5
201448,4,5190,738,65
201448,5,2342,508,6
201448,6,2869,656,67
201448,7,1055,140,6
201448,8,995,122,2
201448,9,746,13,0
201448,10,381,19,2
201449,1,628,21,0
201449,2,1469,111,1
201449,3,1286,92,6
201449,4,5184,728,77
201449,5,3587,865,23
201449,6,3430,769,64
201449,7,1235,152,4
201449,8,1500,310,5
201449,9,783,27,4
201449,10,528,32,3
201450,1,709,48,1
201450,2,1755,195,6
201450,3,1492,171,8
201450,4,5899,996,61
201450,5,5615,1523,21
201450,6,4350,1122,99
201450,7,1584,320,4
201450,8,1977,552,6
201450,9,901,49,0
201450,10,589,81,8
201451,1,964,86,3
201451,2,2472,405,2
201451,3,2443,491,10
201451,4,8133,1789,73
201451,5,7351,2299,26
201451,6,4353,1207,85
201451,7,1910,377,4
201451,8,2756,964,11
201451,9,1077,89,3
201451,10,870,212,9
201452,1,1081,171,0
201452,2,2965,757,6
201452,3,3887,1063,13
201452,4,10203,2452,121
201452,5,7296,2269,19
201452,6,4443,1230,92
201452,7,2027,426,21
201452,8,2872,974,8
201452,9,1568,183,8
201452,10,1033,253,15
201453,1,1478,190,8
201453,2,3563,839,10
201453,3,4569,1094,34
201453,4,8607,1451,112
201453,5,6227,1327,31
201453,6,3882,873,66
201453,7,2044,336,10
201453,8,3000,892,19
201453,9,1766,210,10
201453,10,1276,308,12
201501,1,1830,239,5
201501,2,3929,794,10
201501,3,4025,781,21
201501,4,6536,713,90
201501,5,4924,708,17
201501,6,3696,678,72
201501,7,1797,237,5
201501,8,2510,565,8
201501,9,2058,385,18
201501,10,1543,355,16
201502,1,2110,383,13
201502,2,3673,768,22
201502,3,3398,591,17
201502,4,5523,545,86
201502,5,3825,407,27
201502,6,3667,802,96
201502,7,1673,227,8
201502,8,2293,362,22
201502,9,2411,523,28
201502,10,1694,371,17
201503,1,2315,482,10
201503,2,3590,834,16
201503,3,3287,600,21
201503,4,5261,459,105
201503,5,3271,302,32
201503,6,3622,642,113
201503,7,1532,185,9
201503,8,2132,279,23
201503,9,2751,588,29
201503,10,1543,292,9
201504,1,2249,452,12
201504,2,3429,768,18
201504,3,2791,415,15
201504,4,4902,369,75
201504,5,2916,190,39
201504,6,3501,487,126
201504,7,1422,140,18
201504,8,2102,177,50
201504,9,2581,498,32
201504,10,1353,199,12
201505,1,2118,374,18
201505,2,3153,629,35
201505,3,2589,313,21
201505,4,4817,312,99
201505,5,2594,149,62
201505,6,2952,296,144
201505,7,1310,70,15
201505,8,2232,158,79
201505,9,2355,424,28
201505,10,1341,163,5
201506,1,1844,273,18
201506,2,2957,490,42
201506,3,2247,220,19
201506,4,4847,281,141
201506,5,2495,102,66
201506,6,2850,216,189
201506,7,1133,55,30
201506,8,2162,103,79
201506,9,2154,253,36
201506,10,1018,74,10
201507,1,1602,164,25
201507,2,2522,358,44
201507,3,1937,152,34
201507,4,4492,234,146
201507,5,2477,57,108
201507,6,2657,136,215
201507,7,1387,70,72
201507,8,1964,81,89
201507,9,1968,189,39
201507,10,910,47,12
201508,1,1264,148,32
201508,2,2334,226,41
201508,3,1786,102,28
201508,4,4389,166,219
201508,5,2264,59,134
201508,6,2258,88,153
201508,7,1179,34,57
201508,8,1983,55,124
201508,9,1711,97,36
201508,10,804,39,12
201509,1,1088,91,25
201509,2,2054,172,70
201509,3,1517,95,44
201509,4,4288,143,283
201509,5,2160,40,184
201509,6,2228,83,173
201509,7,1222,34,90
201509,8,1695,30,110
201509,9,1502,58,33
201509,10,679,26,14
201510,1,1071,84,31
201510,2,2188,120,120
201510,3,1343,49,52
201510,4,3869,66,252
201510,5,2442,41,317
201510,6,2218,51,219
201510,7,1200,29,101
201510,8,1640,37,133
201510,9,1504,39,45
201510,10,622,18,15
201511,1,1061,66,56
201511,2,2107,86,157
201511,3,1217,29,68
201511,4,3646,66,233
201511,5,2320,33,279
201511,6,1903,23,142
201511,7,978,20,82
201511,8,1588,13,100
201511,9,1413,29,44
201511,10,598,16,21
201512,1,1078,44,69
201512,2,2039,49,202
201512,3,1191,21,74
201512,4,3072,43,153
201512,5,2477,34,323
201512,6,1644,14,79
201512,7,982,21,92
201512,8,1399,2,84
201512,9,1214,13,32
201512,10,520,6,16
201513,1,970,18,83
201513,2,1784,50,201
201513,3,1088,13,65
201513,4,2760,19,115
201513,5,2242,21,313
201513,6,1560,15,86
201513,7,797,5,60
201513,8,1313,6,72
201513,9,938,8,20
201513,10,491,9,22
201514,1,1128,27,76
201514,2,1773,19,162
201514,3,984,6,56
201514,4,2525,30,102
201514,5,2178,18,284
201514,6,1463,9,62
201514,7,801,2,60
201514,8,1225,8,76
201514,9,844,10,27
201514,10,568,3,19
201515,1,1043,14,84
201515,2,1652,17,123
201515,3,898,10,45
201515,4,2371,21,89
201515,5,1780,7,186
201515,6,1386,5,32
201515,7,691,2,39
201515,8,1194,2,64
201515,9,793,13,22
201515,10,495,4,12
201516,1,898,6,58
201516,2,1393,3,81
201516,3,805,5,27
201516,4,2163,10,69
201516,5,1473,8,113
201516,6,1241,4,24
201516,7,673,2,26
201516,8,1134,4,56
201516,9,730,6,23
201516,10,397,1,14
201517,1,732,7,43
201517,2,1328,12,47
201517,3,728,5,31
201517,4,2228,12,74
201517,5,1315,5,81
201517,6,1032,0,12
201517,7,608,1,19
201517,8,1010,2,53
201517,9,599,2,10
201517,10,359,2,13
201518,1,600,2,37
201518,2,1181,5,23
201518,3,673,2,22
201518,4,2005,10,65
201518,5,1172,4,68
201518,6,987,0,15
201518,7,541,1,15
201518,8,975,0,42
201518,9,614,2,32
201518,10,334,0,14
201519,1,496,3,15
201519,2,1053,5,23
201519,3,636,1,10
201519,4,1901,12,53
201519,5,1066,3,20
201519,6,884,2,14
201519,7,531,0,5
201519,8,1011,0,29
201519,9,644,1,27
201519,10,334,2,23
201520,1,484,1,7
201520,2,938,2,16
201520,3,528,0,13
201520,4,1755,7,49
201520,5,870,7,12
201520,6,860,1,7
201520,7,442,0,4
201520,8,967,0,19
201520,9,676,3,23
201520,10,320,0,14
201521,1,386,1,3
201521,2,896,5,6
201521,3,528,0,5
201521,4,1632,9,36
201521,5,784,7,7
201521,6,789,1,6
201521,7,390,0,3
201521,8,858,0,17
201521,9,710,1,26
201521,10,289,1,9
201522,1,326,2,1
201522,2,747,2,4
201522,3,512,0,3
201522,4,1453,8,34
201522,5,641,1,3
201522,6,740,5,9
201522,7,373,0,1
201522,8,800,3,8
201522,9,619,4,23
201522,10,287,0,8
201523,1,309,2,1
201523,2,865,3,1
201523,3,458,0,2
201523,4,1303,9,30
201523,5,626,0,2
201523,6,701,4,4
201523,7,356,0,1
201523,8,714,4,4
201523,9,676,10,21
201523,10,254,0,7
201524,1,282,1,1
201524,2,799,2,0
201524,3,448,1,1
201524,4,1252,9,10
201524,5,542,1,1
201524,6,645,5,1
201524,7,351,0,0
201524,8,636,1,5
201524,9,557,5,9
201524,10,233,1,7
201525,1,218,0,1
201525,2,725,2,0
201525,3,358,1,1
201525,4,1153,7,8
201525,5,502,1,0
201525,6,606,0,4
201525,7,303,1,0
201525,8,599,4,0
201525,9,543,12,10
201525,10,120,0,0
201526,1,213,1,1
201526,2,664,1,0
201526,3,274,0,2
201526,4,1120,20,6
201526,5,450,1,3
201526,6,604,2,1
201526,7,339,0,0
201526,8,557,1,0
201526,9,429,8,6
201526,10,232,2,6
201527,1,222,2,0
201527,2,738,3,1
201527,3,337,0,1
201527,4,1104,6,13
201527,5,423,2,1
201527,6,585,1,0
201527,7,293,1,0
201527,8,518,0,4
201527,9,457,6,2
201527,10,193,1,1
201528,1,196,1,0
201528,2,679,0,1
201528,3,351,4,0
201528,4,1091,2,9
201528,5,439,2,2
201528,6,565,1,5
201528,7,333,0,0
201528,8,542,2,0
201528,9,386,3,4
201528,10,173,0,2
201529,1,190,0,0
201529,2,633,0,0
201529,3,306,1,0
201529,4,984,6,5
201529,5,411,1,1
201529,6,446,2,2
201529,7,289,1,0
201529,8,580,2,1
201529,9,455,9,4
201529,10,174,1,1
201530,1,143,0,0
201530,2,646,2,0
201530,3,301,1,0
201530,4,991,11,4
201530,5,450,2,2
201530,6,504,1,0
201530,7,323,0,0
201530,8,466,3,1
201530,9,447,4,1
201530,10,157,0,0
201531,1,176,4,0
201531,2,649,4,0
201531,3,318,0,0
201531,4,977,12,1
201531,5,450,1,0
201531,6,529,0,1
201531,7,306,0,1
201531,8,485,0,0
201531,9,398,3,3
201531,10,153,0,1
201532,1,151,0,1
201532,2,628,4,0
201532,3,351,0,0
201532,4,1121,15,1
201532,5,431,0,0
201532,6,440,0,0
201532,7,357,1,1
201532,8,520,6,0
201532,9,419,11,2
201532,10,165,0,1
201533,1,154,0,0
201533,2,658,3,0
201533,3,371,0,0
201533,4,1143,8,10
201533,5,465,3,0
201533,6,555,1,1
201533,7,325,0,0
201533,8,575,2,0
201533,9,419,13,0
201533,10,171,1,1
201534,1,169,0,0
201534,2,667,1,0
201534,3,345,1,0
201534,4,1227,15,9
201534,5,499,5,0
201534,6,581,3,1
201534,7,379,2,0
201534,8,512,1,0
201534,9,479,13,1
201534,10,147,0,1
201535,1,194,0,0
201535,2,601,6,0
201535,3,439,0,0
201535,4,1455,22,6
201535,5,568,2,2
201535,6,674,2,4
201535,7,465,0,2
201535,8,596,0,0
201535,9,499,14,3
201535,10,154,2,1
201536,1,227,2,0
201536,2,621,3,2
201536,3,458,1,0
201536,4,1839,17,8
201536,5,690,4,2
201536,6,653,1,4
201536,7,441,1,1
201536,8,621,3,0
201536,9,584,9,4
201536,10,174,2,1
201537,1,219,1,1
201537,2,766,5,0
201537,3,543,1,0
201537,4,1814,32,3
201537,5,863,10,2
201537,6,767,0,9
201537,7,444,2,1
201537,8,730,6,1
201537,9,644,5,6
201537,10,222,1,2
201538,1,320,2,1
201538,2,972,1,1
201538,3,632,3,0
201538,4,2018,35,8
201538,5,1093,7,2
201538,6,930,2,11
201538,7,558,1,1
201538,8,713,4,0
201538,9,666,6,7
201538,10,253,2,1
201539,1,433,3,1
201539,2,1062,5,0
201539,3,793,2,3
201539,4,2141,31,12
201539,5,1264,8,4
201539,6,1023,6,7
201539,7,542,1,1
201539,8,775,4,2
201539,9,661,8,3
201539,10,281,2,0
201540,1,693,2,3
201540,2,1220,5,0
201540,3,896,0,1
201540,4,2486,24,16
201540,5,2138,14,3
201540,6,1773,8,16
201540,7,621,2,1
201540,8,824,1,1
201540,9,981,25,2
201540,10,397,3,0
201541,1,752,11,4
201541,2,1367,4,2
201541,3,1097,2,4
201541,4,2759,38,14
201541,5,2357,15,6
201541,6,1952,10,16
201541,7,690,5,5
201541,8,843,3,0
201541,9,926,23,3
201541,10,368,5,0
201542,1,708,4,3
201542,2,1395,1,2
201542,3,1013,5,9
201542,4,2981,61,13
201542,5,2484,5,8
201542,6,1937,6,15
201542,7,724,6,0
201542,8,876,2,2
201542,9,935,6,0
201542,10,388,1,0
201543,1,716,1,1
201543,2,1414,7,3
201543,3,1034,1,3
201543,4,2886,47,26
201543,5,2594,13,6
201543,6,1774,20,5
201543,7,742,4,5
201543,8,943,1,1
201543,9,969,3,1
201543,10,465,1,1
201544,1,781,0,1
201544,2,1366,6,2
201544,3,1171,2,6
201544,4,3345,45,33
201544,5,2645,13,10
201544,6,1985,16,7
201544,7,783,2,4
201544,8,1028,1,1
201544,9,1107,11,3
201544,10,476,1,1
201545,1,682,2,1
201545,2,1443,6,2
201545,3,1203,3,0
201545,4,3401,57,59
201545,5,2623,23,3
201545,6,2254,20,15
201545,7,715,1,0
201545,8,1102,2,0
201545,9,1161,8,5
201545,10,464,0,1
201546,1,779,1,1
201546,2,1512,4,3
201546,3,1239,2,6
201546,4,3393,36,56
201546,5,2735,15,8
201546,6,2116,20,17
201546,7,689,2,4
201546,8,1038,0,0
201546,9,1200,4,2
201546,10,549,0,1
201547,1,788,2,1
201547,2,1374,11,4
201547,3,1041,1,3
201547,4,3725,75,64
201547,5,2529,10,5
201547,6,2464,12,11
201547,7,617,0,1
201547,8,1103,2,1
201547,9,1060,5,1
201547,10,533,1,1
201548,1,780,2,1
201548,2,1661,15,2
201548,3,1204,4,2
201548,4,3270,66,49
201548,5,2883,15,4
201548,6,2494,12,11
201548,7,752,4,0
201548,8,1253,4,1
201548,9,1279,12,7
201548,10,625,11,4
201549,1,821,2,5
201549,2,1670,14,4
201549,3,1337,2,1
201549,4,3573,66,62
201549,5,2968,15,7
201549,6,2481,14,13
201549,7,749,6,2
201549,8,1238,6,5
201549,9,1214,8,3
201549,10,622,7,4
201550,1,842,1,2
201550,2,1835,12,5
201550,3,1295,2,2
201550,4,4058,162,130
201550,5,2954,16,5
201550,6,2613,13,15
201550,7,757,8,2
201550,8,1235,4,14
201550,9,1233,14,10
201550,10,536,12,7
201551,1,886,9,2
201551,2,1701,11,4
201551,3,1295,8,7
201551,4,3618,92,84
201551,5,2831,25,7
201551,6,2795,27,25
201551,7,692,1,3
201551,8,1201,18,13
201551,9,1333,23,18
201551,10,526,6,3
201552,1,991,6,1
201552,2,1774,23,13
201552,3,1596,10,6
201552,4,3950,109,108
201552,5,3316,15,6
201552,6,2808,20,16
201552,7,777,4,0
201552,8,1506,24,19
201552,9,1465,40,19
201552,10,682,13,12
201601,1,1181,12,5
201601,2,2336,27,5
201601,3,1637,6,3
201601,4,3497,94,54
201601,5,3510,56,12
201601,6,2838,34,17
201601,7,767,7,3
201601,8,1583,43,25
201601,9,1714,99,36
201601,10,723,18,24
201602,1,1025,35,3
201602,2,2126,53,9
201602,3,1445,7,5
201602,4,3381,197,63
201602,5,3232,52,5
201602,6,2767,43,22
201602,7,755,13,1
201602,8,1499,20,29
201602,9,1725,128,42
201602,10,734,23,45
201603,1,1097,39,9
201603,2,1894,64,7
201603,3,1264,7,4
201603,4,3361,211,79
201603,5,3212,84,10
201603,6,2775,56,30
201603,7,775,17,2
201603,8,1666,46,34
201603,9,1904,163,74
201603,10,850,29,66
201604,1,1273,67,7
201604,2,2023,98,13
201604,3,1289,17,4
201604,4,3806,281,96
201604,5,3642,175,21
201604,6,3041,76,48
201604,7,764,18,2
201604,8,1861,68,68
201604,9,2192,193,87
201604,10,900,42,66
201605,1,1266,102,4
201605,2,2130,160,21
201605,3,1255,28,6
201605,4,4096,448,140
201605,5,4127,296,42
201605,6,3124,90,83
201605,7,876,27,6
201605,8,2049,121,108
201605,9,2373,245,103
201605,10,965,55,74
201606,1,1402,85,28
201606,2,2432,254,38
201606,3,1467,46,11
201606,4,4581,574,152
201606,5,4425,422,50
201606,6,3538,202,143
201606,7,1045,40,2
201606,8,2157,177,127
201606,9,2788,382,195
201606,10,1099,83,118
201607,1,1311,161,24
201607,2,2617,387,43
201607,3,1530,84,37
201607,4,4794,638,137
201607,5,5142,687,80
201607,6,3981,354,282
201607,7,1132,65,10
201607,8,2580,231,138
201607,9,2955,436,229
201607,10,1166,92,112
201608,1,1726,260,26
201608,2,3145,626,64
201608,3,1824,201,28
201608,4,5763,979,203
201608,5,6193,1094,119
201608,6,4162,412,261
201608,7,1239,89,8
201608,8,2620,262,154
201608,9,3051,388,285
201608,10,1243,99,128
201609,1,1997,332,69
201609,2,3633,906,103
201609,3,2086,271,48
201609,4,6207,1036,243
201609,5,7061,1474,171
201609,6,4443,496,359
201609,7,1234,113,21
201609,8,2936,388,200
201609,9,2945,351,277
201609,10,1338,156,138
201610,1,2480,565,102
201610,2,4153,1055,197
201610,3,2548,534,132
201610,4,6765,1144,346
201610,5,8165,1835,259
201610,6,4501,532,399
201610,7,1412,158,28
201610,8,2953,442,193
201610,9,2514,268,213
201610,10,1290,146,149
201611,1,2527,469,118
201611,2,3886,870,213
201611,3,2671,421,146
201611,4,5830,805,275
201611,5,7156,1201,251
201611,6,4183,436,326
201611,7,1273,92,19
201611,8,2856,414,143
201611,9,2573,181,179
201611,10,1278,158,120
201612,1,2462,398,128
201612,2,3619,678,213
201612,3,2516,373,155
201612,4,5172,643,241
201612,5,5753,773,220
201612,6,3593,364,265
201612,7,1205,82,20
201612,8,2581,329,134
201612,9,2059,137,131
201612,10,1201,142,145
201613,1,2380,352,141
201613,2,3283,458,205
201613,3,2320,277,145
201613,4,4572,401,242
201613,5,5051,570,168
201613,6,3696,360,291
201613,7,1144,76,31
201613,8,2210,253,101
201613,9,1778,100,71
201613,10,1169,118,119
201614,1,1964,184,132
201614,2,2817,274,204
201614,3,1848,147,125
201614,4,4297,307,258
201614,5,4537,374,156
201614,6,2959,284,241
201614,7,938,49,28
201614,8,1912,191,89
201614,9,1681,65,68
201614,10,1026,96,89
201615,1,1743,142,154
201615,2,2450,188,211
201615,3,1725,128,142
201615,4,4041,232,254
201615,5,3973,393,178
201615,6,2901,177,223
201615,7,892,40,39
201615,8,1642,102,72
201615,9,1415,48,33
201615,10,901,56,58
201616,1,1602,114,147
201616,2,2236,150,220
201616,3,1717,119,206
201616,4,3783,181,244
201616,5,3427,223,184
201616,6,2832,147,162
201616,7,872,27,40
201616,8,1436,79,65
201616,9,1224,35,23
201616,10,731,48,38
201617,1,1354,79,127
201617,2,2127,80,179
201617,3,1595,58,167
201617,4,3501,108,231
201617,5,2979,137,191
201617,6,2533,108,121
201617,7,736,16,36
201617,8,1164,44,40
201617,9,1312,31,26
201617,10,669,40,25
201618,1,1139,45,92
201618,2,1837,48,154
201618,3,1190,23,84
201618,4,3100,80,203
201618,5,2484,58,113
201618,6,2216,79,99
201618,7,635,10,15
201618,8,1048,39,22
201618,9,1089,21,24
201618,10,642,24,16
201619,1,1028,27,86
201619,2,1630,27,92
201619,3,1197,20,82
201619,4,2865,57,179
201619,5,2165,29,98
201619,6,2177,66,78
201619,7,625,6,15
201619,8,940,17,11
201619,9,917,17,13
201619,10,546,14,8
201620,1,851,13,70
201620,2,1504,21,73
201620,3,982,10,33
201620,4,2575,50,152
201620,5,1876,27,72
201620,6,1973,71,70
201620,7,510,2,3
201620,8,908,11,16
201620,9,897,13,8
201620,10,469,6,8
201621,1,701,5,35
201621,2,1282,8,67
201621,3,834,15,27
201621,4,2633,45,149
201621,5,1682,11,43
201621,6,1863,35,55
201621,7,508,2,4
201621,8,814,9,9
201621,9,876,8,17
201621,10,398,1,2
201622,1,521,3,9
201622,2,1220,8,28
201622,3,754,4,17
201622,4,2246,28,95
201622,5,1303,2,18
201622,6,1678,25,39
201622,7,456,3,7
201622,8,725,0,6
201622,9,778,4,6
201622,10,386,5,1
201623,1,391,0,7
201623,2,1186,3,10
201623,3,604,1,5
201623,4,2036,18,114
201623,5,1250,2,12
201623,6,1514,29,39
201623,7,406,1,3
201623,8,704,6,4
201623,9,727,7,8
201623,10,354,3,5
201624,1,367,3,2
201624,2,1056,8,9
201624,3,556,0,2
201624,4,1705,20,55
201624,5,1186,4,3
201624,6,1433,14,20
201624,7,401,0,0
201624,8,608,1,0
201624,9,685,6,3
201624,10,367,3,0
201625,1,296,1,2
201625,2,978,2,8
201625,3,552,0,1
201625,4,1515,17,49
201625,5,1079,3,3
201625,6,1189,15,15
201625,7,282,0,0
201625,8,539,2,2
201625,9,699,1,3
201625,10,288,3,0
201626,1,268,1,0
201626,2,899,1,2
201626,3,442,0,3
201626,4,1180,13,27
201626,5,851,1,2
201626,6,881,3,12
201626,7,309,0,1
201626,8,578,2,0
201626,9,632,4,4
201626,10,258,1,0
201627,1,246,1,0
201627,2,741,2,1
201627,3,399,1,3
201627,4,1207,12,17
201627,5,804,0,1
201627,6,1030,4,4
201627,7,341,0,3
201627,8,542,2,0
201627,9,387,1,0
201627,10,281,1,1
201628,1,228,0,0
201628,2,752,2,2
201628,3,477,0,1
201628,4,1146,11,8
201628,5,982,1,1
201628,6,964,6,11
201628,7,311,1,1
201628,8,563,1,1
201628,9,634,2,6
201628,10,271,0,0
201629,1,95,1,1
201629,2,703,0,3
201629,3,497,0,0
201629,4,1125,7,17
201629,5,806,2,0
201629,6,908,2,3
201629,7,291,1,1
201629,8,521,3,1
201629,9,684,7,0
201629,10,258,1,0
201630,1,112,0,0
201630,2,713,1,0
201630,3,470,0,0
201630,4,1116,10,16
201630,5,809,2,0
201630,6,884,4,7
201630,7,318,0,0
201630,8,508,0,0
201630,9,569,2,1
201630,10,257,1,1
201631,1,203,0,1
201631,2,665,0,0
201631,3,453,1,0
201631,4,1094,12,11
201631,5,811,7,1
201631,6,788,5,6
201631,7,318,0,0
201631,8,549,5,0
201631,9,567,2,1
201631,10,227,1,0
201632,1,177,0,0
201632,2,720,0,0
201632,3,458,0,0
201632,4,1181,11,21
201632,5,898,3,0
201632,6,797,4,4
201632,7,295,0,0
201632,8,509,1,0
201632,9,485,1,5
201632,10,253,2,0
201633,1,188,1,0
201633,2,680,5,1
201633,3,444,1,0
201633,4,1273,12,13
201633,5,797,6,0
201633,6,802,2,6
201633,7,348,0,0
201633,8,562,0,0
201633,9,649,0,1
201633,10,231,0,0
201634,1,172,0,0
201634,2,657,0,1
201634,3,413,2,0
201634,4,1402,20,18
201634,5,930,2,1
201634,6,969,31,4
201634,7,375,0,0
201634,8,582,1,0
201634,9,522,5,1
201634,10,242,2,0
201635,1,180,2,0
201635,2,668,2,0
201635,3,497,4,1
201635,4,1538,6,26
201635,5,913,5,2
201635,6,1330,45,12
201635,7,385,0,0
201635,8,661,3,0
201635,9,678,9,0
201635,10,243,2,0
201636,1,239,1,0
201636,2,673,0,1
201636,3,586,1,1
201636,4,1761,20,35
201636,5,1031,3,1
201636,6,1410,21,17
201636,7,446,2,0
201636,8,704,2,0
201636,9,646,5,1
201636,10,236,2,0
201637,1,315,0,0
201637,2,857,6,2
201637,3,520,1,0
201637,4,1919,33,36
201637,5,1273,8,4
201637,6,1527,10,15
201637,7,437,0,0
201637,8,800,3,0
201637,9,735,8,1
201637,10,344,5,0
201638,1,415,2,0
201638,2,936,1,1
201638,3,610,3,0
201638,4,2030,38,38
201638,5,1328,9,5
201638,6,1586,13,19
201638,7,466,1,0
201638,8,811,4,0
201638,9,794,15,4
201638,10,442,11,0
201639,1,465,2,0
201639,2,1050,6,2
201639,3,697,2,1
201639,4,2369,45,53
201639,5,1565,8,3
201639,6,1602,15,18
201639,7,662,0,0
201639,8,790,3,2
201639,9,901,5,4
201639,10,495,20,0
201640,1,702,6,1
201640,2,1307,10,3
201640,3,941,1,4
201640,4,2796,46,62
201640,5,2399,8,6
201640,6,2317,27,24
201640,7,728,0,0
201640,8,913,8,0
201640,9,1101,7,1
201640,10,607,14,0
201641,1,835,5,1
201641,2,1310,2,3
201641,3,953,3,1
201641,4,2684,47,46
201641,5,2696,8,7
201641,6,2712,23,30
201641,7,786,1,0
201641,8,966,10,1
201641,9,1153,10,1
201641,10,623,4,2
201642,1,906,1,1
201642,2,1434,16,1
201642,3,1011,0,1
201642,4,2914,41,60
201642,5,2892,14,14
201642,6,2638,18,21
201642,7,822,0,2
201642,8,1009,7,0
201642,9,1129,7,3
201642,10,614,18,1
201643,1,831,3,2
201643,2,1415,5,3
201643,3,1055,0,2
201643,4,2906,40,51
201643,5,2949,6,5
201643,6,2714,27,34
201643,7,882,1,1
201643,8,1058,10,0
201643,9,1102,14,2
201643,10,729,41,2
201644,1,820,10,3
201644,2,1444,11,1
201644,3,1144,0,1
201644,4,3425,78,86
201644,5,3245,18,9
201644,6,2921,29,21
201644,7,845,0,2
201644,8,1064,15,0
201644,9,1221,16,1
201644,10,866,29,1
201645,1,906,7,2
201645,2,1501,12,1
201645,3,1259,2,2
201645,4,3512,97,86
201645,5,3451,10,6
201645,6,3381,35,30
201645,7,874,1,0
201645,8,1195,26,0
201645,9,1322,18,2
201645,10,864,72,1
201646,1,924,12,1
201646,2,1528,17,1
201646,3,1165,7,2
201646,4,3912,107,89
201646,5,3464,22,14
201646,6,3755,58,37
201646,7,958,6,3
201646,8,1163,19,1
201646,9,1347,14,2
201646,10,1013,88,1
201647,1,903,8,4
201647,2,1456,30,2
201647,3,1229,12,4
201647,4,3991,147,116
201647,5,3297,37,9
201647,6,3543,59,49
201647,7,874,13,2
201647,8,1194,30,1
201647,9,1280,27,6
201647,10,1063,98,1
201648,1,1099,28,2
201648,2,1787,47,8
201648,3,1491,23,6
201648,4,4253,146,108
201648,5,4037,36,13
201648,6,3912,55,41
201648,7,1012,20,3
201648,8,1407,49,0
201648,9,1727,42,10
201648,10,1066,80,1
201649,1,994,17,5
201649,2,1258,40,2
201649,3,1508,31,5
201649,4,4251,222,101
201649,5,3986,73,19
201649,6,3551,67,52
201649,7,1077,18,1
201649,8,1397,60,4
201649,9,1581,62,12
201649,10,1123,100,0
201650,1,1062,37,4
201650,2,1893,107,4
201650,3,1593,52,3
201650,4,4654,401,132
201650,5,4216,101,19
201650,6,4643,192,53
201650,7,1065,32,1
201650,8,1607,128,3
201650,9,1911,105,7
201650,10,1349,228,2
201651,1,1206,92,6
201651,2,2163,220,13
201651,3,1694,81,14
201651,4,5626,635,153
201651,5,4541,194,41
201651,6,4767,283,121
201651,7,1181,68,2
201651,8,2009,303,11
201651,9,2084,152,7
201651,10,1766,445,5
201652,1,1810,216,12
201652,2,2379,423,8
201652,3,2154,206,28
201652,4,5981,649,148
201652,5,5646,385,55
201652,6,6136,409,140
201652,7,1330,92,7
201652,8,2678,528,7
201652,9,2476,234,29
201652,10,2764,890,2
201701,1,1938,209,20
201701,2,3073,471,24
201701,3,2418,203,32
201701,4,5515,544,108
201701,5,6397,471,71
201701,6,5650,395,116
201701,7,1462,128,8
201701,8,2718,397,5
201701,9,2818,387,11
201701,10,3416,962,12
201702,1,2047,288,16
201702,2,2483,437,16
201702,3,2408,221,45
201702,4,4767,525,103
201702,5,6620,633,103
201702,6,6000,602,133
201702,7,1626,193,11
201702,8,2678,415,13
201702,9,2943,409,15
201702,10,3498,946,12
201703,1,2212,372,20
201703,2,2564,527,23
201703,3,2601,330,59
201703,4,5480,867,156
201703,5,7065,901,160
201703,6,5805,737,172
201703,7,1632,230,23
201703,8,2508,408,9
201703,9,2667,325,17
201703,10,3488,938,24
201704,1,2534,441,26
201704,2,3785,875,51
201704,3,2488,384,79
201704,4,5681,845,169
201704,5,7222,1002,223
201704,6,7072,926,203
201704,7,1725,245,21
201704,8,2500,361,15
201704,9,2647,292,15
201704,10,3111,691,32
201705,1,2508,569,31
201705,2,3071,816,37
201705,3,2663,535,62
201705,4,6975,1184,248
201705,5,7711,1300,292
201705,6,8562,1508,367
201705,7,1852,287,39
201705,8,2706,431,26
201705,9,2774,366,16
201705,10,2784,534,40
201706,1,2801,733,48
201706,2,3355,970,76
201706,3,3141,733,125
201706,4,8103,1406,311
201706,5,10085,2050,685
201706,6,10096,1890,553
201706,7,2361,425,89
201706,8,2963,472,41
201706,9,2920,373,26
201706,10,2317,318,27
201707,1,2755,632,71
201707,2,3917,859,126
201707,3,3296,779,153
201707,4,8648,1403,480
201707,5,11713,2632,988
201707,6,9222,1771,471
201707,7,2522,418,125
201707,8,2888,446,63
201707,9,2725,271,29
201707,10,1987,198,52
201708,1,2607,609,89
201708,2,3715,786,127
201708,3,3572,858,234
201708,4,8105,1267,486
201708,5,12294,2680,1251
201708,6,8798,1432,527
201708,7,2144,316,144
201708,8,2741,299,88
201708,9,2487,205,22
201708,10,1650,139,49
201709,1,2300,391,107
201709,2,3049,422,110
201709,3,2951,473,155
201709,4,6876,876,394
201709,5,10044,1536,925
201709,6,7598,1040,437
201709,7,1749,157,102
201709,8,2252,211,96
201709,9,2337,148,28
201709,10,1392,102,44
201710,1,2069,291,125
201710,2,2083,199,106
201710,3,2676,383,206
201710,4,6872,780,451
201710,5,9632,1247,1099
201710,6,6881,907,474
201710,7,1626,118,126
201710,8,2295,168,138
201710,9,2378,136,33
201710,10,1345,68,55
201711,1,1933,221,138
201711,2,1752,167,118
201711,3,2572,315,249
201711,4,6659,656,539
201711,5,9249,1020,1218
201711,6,6497,717,466
201711,7,1617,101,148
201711,8,2177,107,166
201711,9,2203,136,35
201711,10,1316,50,58
201712,1,2003,204,212
201712,2,2355,115,192
201712,3,2641,307,294
201712,4,7136,862,707
201712,5,9556,1022,1529
201712,6,5416,495,442
201712,7,1042,66,118
201712,8,1962,94,158
201712,9,2111,99,36
201712,10,1173,29,56
201713,1,2015,188,308
201713,2,2459,98,267
201713,3,2367,241,305
201713,4,6149,502,574
201713,5,8887,791,1437
201713,6,4823,303,345
201713,7,869,41,116
201713,8,1827,51,157
201713,9,1848,78,40
201713,10,938,20,40
201714,1,2276,155,402
201714,2,2498,56,313
201714,3,2056,111,257
201714,4,4891,336,424
201714,5,7290,432,932
201714,6,3685,184,228
201714,7,1242,15,101
201714,8,1796,30,134
201714,9,1815,67,59
201714,10,931,16,59
201715,1,2124,116,335
201715,2,2270,40,281
201715,3,1762,63,157
201715,4,4276,229,345
201715,5,5900,251,623
201715,6,3462,137,197
201715,7,1067,10,71
201715,8,1808,21,116
201715,9,1485,30,58
201715,10,798,9,45
201716,1,1834,60,248
201716,2,2035,26,167
201716,3,1393,30,102
201716,4,3845,157,245
201716,5,5103,123,423
201716,6,3899,183,164
201716,7,961,5,47
201716,8,1397,16,81
201716,9,1556,38,67
201716,10,711,8,37
201717,1,1460,29,176
201717,2,1384,20,93
201717,3,1121,15,39
201717,4,3375,114,176
201717,5,4018,46,198
201717,6,3112,70,112
201717,7,838,3,27
201717,8,1535,15,66
201717,9,1424,26,44
201717,10,652,7,28
201718,1,1033,12,78
201718,2,1157,13,49
201718,3,926,3,26
201718,4,3016,98,162
201718,5,3373,19,124
201718,6,2356,43,76
201718,7,798,1,19
201718,8,1386,32,65
201718,9,1209,29,49
201718,10,631,6,38
201719,1,986,15,38
201719,2,1049,6,37
201719,3,816,6,17
201719,4,2928,101,182
201719,5,2990,29,87
201719,6,2414,47,84
201719,7,730,3,10
201719,8,1235,23,47
201719,9,1246,21,68
201719,10,583,2,24
201720,1,862,7,35
201720,2,1072,13,29
201720,3,737,6,6
201720,4,2579,102,139
201720,5,2191,10,52
201720,6,2424,56,76
201720,7,729,1,12
201720,8,1173,17,36
201720,9,1240,24,62
201720,10,576,1,21
201721,1,646,1,9
201721,2,901,4,11
201721,3,603,0,3
201721,4,2618,112,140
201721,5,2255,11,41
201721,6,2283,38,53
201721,7,597,4,6
201721,8,992,8,23
201721,9,1165,19,81
201721,10,533,0,13
201722,1,569,1,6
201722,2,769,7,2
201722,3,581,1,3
201722,4,2470,112,141
201722,5,1968,7,16
201722,6,1963,35,63
201722,7,506,1,1
201722,8,909,7,20
201722,9,1077,8,57
201722,10,464,2,9
201723,1,424,0,3
201723,2,756,1,4
201723,3,648,11,1
201723,4,2157,93,96
201723,5,1722,3,11
201723,6,1827,15,36
201723,7,526,1,3
201723,8,829,5,15
201723,9,1029,10,49
201723,10,412,0,11
201724,1,419,1,0
201724,2,692,6,2
201724,3,619,1,5
201724,4,1931,91,93
201724,5,1280,7,3
201724,6,1611,11,16
201724,7,516,0,1
201724,8,740,4,12
201724,9,1006,10,29
201724,10,294,0,6
201725,1,327,3,0
201725,2,628,3,5
201725,3,424,3,0
201725,4,1713,70,64
201725,5,1409,7,8
201725,6,1687,8,10
201725,7,460,1,2
201725,8,612,1,7
201725,9,885,11,24
201725,10,287,1,5
201726,1,285,1,0
201726,2,553,3,1
201726,3,358,2,1
201726,4,1529,57,55
201726,5,1368,9,4
201726,6,1305,2,6
201726,7,137,1,0
201726,8,588,3,4
201726,9,703,8,16
201726,10,268,5,4
201727,1,264,1,0
201727,2,779,2,1
201727,3,417,0,1
201727,4,1513,51,46
201727,5,1114,2,2
201727,6,1088,1,3
201727,7,379,1,0
201727,8,655,4,8
201727,9,698,10,11
201727,10,259,1,3
201728,1,242,3,0
201728,2,849,4,2
201728,3,474,1,1
201728,4,1534,59,46
201728,5,1259,7,4
201728,6,1218,4,3
201728,7,366,0,0
201728,8,632,1,2
201728,9,685,6,5
201728,10,200,3,0
201729,1,236,1,0
201729,2,777,4,0
201729,3,331,1,0
201729,4,1482,50,25
201729,5,1222,14,6
201729,6,1174,1,3
201729,7,394,1,1
201729,8,633,2,2
201729,9,630,6,1
201729,10,241,0,2
201730,1,262,1,0
201730,2,771,2,3
201730,3,394,0,0
201730,4,1334,41,29
201730,5,1122,9,7
201730,6,1135,7,1
201730,7,391,1,0
201730,8,574,4,3
201730,9,624,3,7
201730,10,216,2,0
201731,1,228,1,1
201731,2,410,3,1
201731,3,434,0,0
201731,4,1349,54,26
201731,5,1183,14,1
201731,6,1109,10,1
201731,7,356,2,0
201731,8,537,4,1
201731,9,569,4,1
201731,10,192,0,0
201732,1,244,2,1
201732,2,798,1,1
201732,3,407,0,0
201732,4,1427,48,43
201732,5,1093,8,3
201732,6,1119,5,0
201732,7,377,0,0
201732,8,569,1,0
201732,9,569,7,5
201732,10,160,1,1
201733,1,282,1,1
201733,2,835,1,0
201733,3,477,0,1
201733,4,1521,36,23
201733,5,1252,5,2
201733,6,1231,10,6
201733,7,397,0,0
201733,8,615,2,1
201733,9,598,5,4
201733,10,206,0,0
201734,1,265,1,1
201734,2,809,4,1
201734,3,418,1,0
201734,4,1711,44,23
201734,5,1157,6,1
201734,6,1263,4,1
201734,7,416,0,0
201734,8,631,5,0
201734,9,612,5,5
201734,10,228,1,0
201735,1,278,1,0
201735,2,447,2,0
201735,3,495,2,1
201735,4,2029,67,40
201735,5,1279,9,2
201735,6,1374,9,3
201735,7,525,4,0
201735,8,686,2,0
201735,9,584,4,3
201735,10,241,1,0
201736,1,223,3,0
201736,2,936,4,1
201736,3,554,2,1
201736,4,1254,10,10
201736,5,1252,13,1
201736,6,1491,10,2
201736,7,458,0,0
201736,8,358,2,0
201736,9,468,7,2
201736,10,243,3,3
