DVD,HHS,total,Aunkn,H1N1pdm,H3N2,B,Bvic,Byam
201040,1,25,0,1,0,0,0,0
201040,2,51,0,0,1,0,0,0
201040,3,69,0,0,2,2,0,0
201040,4,107,0,1,2,3,0,0
201040,5,121,0,0,1,0,0,0
201040,6,53,1,0,0,0,0,0
201040,7,55,0,0,0,0,0,0
201040,8,49,0,0,1,0,0,0
201040,9,70,1,5,9,1,0,0
201040,10,76,0,0,0,0,0,0
201041,1,26,0,0,1,0,0,0
201041,2,34,0,0,0,0,0,0
201041,3,66,0,0,0,0,0,0
201041,4,128,1,4,7,5,0,0
201041,5,122,0,1,7,0,0,0
201041,6,59,0,0,6,2,0,0
201041,7,67,0,0,0,0,0,0
201041,8,53,0,2,6,0,0,0
201041,9,79,0,5,6,6,0,0
201041,10,64,0,0,0,0,0,0
201042,1,36,0,0,1,0,0,0
201042,2,40,0,0,1,0,0,0
201042,3,80,0,0,3,3,0,0
201042,4,164,0,1,12,9,0,0
201042,5,119,0,1,2,0,0,0
201042,6,76,0,0,4,2,0,0
201042,7,58,0,0,1,0,0,0
201042,8,50,0,0,0,0,0,0
201042,9,101,1,5,9,5,0,0
201042,10,47,0,0,0,0,0,0
201043,1,45,0,0,3,1,0,0
201043,2,60,0,0,0,0,0,0
201043,3,117,0,0,3,0,0,0
201043,4,149,1,1,19,8,0,0
201043,5,136,0,0,6,0,0,0
201043,6,64,0,1,3,3,0,0
201043,7,64,1,0,0,0,0,0
201043,8,54,0,2,1,0,0,0
201043,9,82,1,6,9,3,0,0
201043,10,69,0,0,5,1,0,0
201044,1,47,0,0,2,0,0,0
201044,2,81,0,0,2,0,0,0
201044,3,150,0,2,4,2,0,0
201044,4,175,0,3,18,21,0,0
201044,5,155,0,0,4,0,0,0
201044,6,64,0,0,2,1,0,0
201044,7,82,0,1,0,1,0,0
201044,8,60,0,0,9,1,0,0
201044,9,122,0,4,5,6,0,0
201044,10,63,0,0,2,0,0,0
201045,1,29,0,1,0,0,0,0
201045,2,96,0,0,1,0,0,0
201045,3,146,0,6,3,0,0,0
201045,4,203,0,4,31,31,0,0
201045,5,139,0,0,8,0,0,0
201045,6,68,0,0,5,0,0,0
201045,7,98,0,0,0,0,0,0
201045,8,53,0,0,10,1,0,0
201045,9,67,0,0,5,3,0,0
201045,10,97,0,0,1,1,0,0
201046,1,52,0,0,5,0,0,0
201046,2,60,1,0,7,0,0,0
201046,3,154,3,8,12,0,0,0
201046,4,219,0,7,29,42,0,0
201046,5,156,0,0,13,0,0,0
201046,6,70,0,0,2,5,0,0
201046,7,77,0,0,0,2,0,0
201046,8,69,0,0,19,0,0,0
201046,9,115,0,1,6,8,0,0
201046,10,59,0,0,2,0,0,0
201047,1,45,0,0,3,0,0,0
201047,2,63,1,0,5,1,0,0
201047,3,90,1,2,15,1,0,0
201047,4,200,0,6,34,28,0,0
201047,5,124,0,0,19,2,0,0
201047,6,46,0,1,3,1,0,0
201047,7,58,0,0,0,1,0,0
201047,8,65,0,1,29,2,0,0
201047,9,79,1,0,13,12,0,0
201047,10,49,0,0,2,0,0,0
201048,1,61,0,2,3,0,0,0
201048,2,66,0,0,8,1,0,0
201048,3,123,2,4,17,5,0,0
201048,4,265,0,12,27,48,0,0
201048,5,172,0,2,19,3,0,0
201048,6,62,0,3,9,4,0,0
201048,7,100,0,3,1,2,0,0
201048,8,80,1,1,27,3,0,0
201048,9,150,0,4,15,24,0,0
201048,10,63,0,0,7,0,0,0
201049,1,84,0,0,25,0,0,0
201049,2,103,1,4,15,1,0,0
201049,3,170,2,6,31,4,0,0
201049,4,316,0,16,42,65,0,0
201049,5,209,1,3,31,5,0,0
201049,6,76,0,0,15,4,0,0
201049,7,101,0,1,2,2,0,0
201049,8,140,0,4,64,2,0,0
201049,9,198,0,2,58,34,0,0
201049,10,70,0,0,7,1,0,0
201050,1,79,0,1,21,1,0,0
201050,2,119,4,4,21,0,0,0
201050,3,177,14,17,45,6,0,0
201050,4,361,0,22,65,98,0,0
201050,5,232,0,12,35,6,0,0
201050,6,103,0,1,13,23,0,0
201050,7,108,0,6,15,7,0,0
201050,8,174,0,0,116,1,0,0
201050,9,240,0,11,78,38,0,0
201050,10,58,0,0,6,0,0,0
201051,1,97,0,2,44,4,0,0
201051,2,125,1,1,34,4,0,0
201051,3,238,19,17,81,13,0,0
201051,4,324,1,21,73,92,0,0
201051,5,215,0,22,67,12,0,0
201051,6,90,0,0,27,17,0,0
201051,7,110,0,5,25,5,0,0
201051,8,234,0,5,168,7,0,0
201051,9,274,0,15,100,45,0,0
201051,10,68,0,1,12,5,0,0
201052,1,161,0,10,97,3,0,0
201052,2,174,3,1,58,2,0,0
201052,3,314,12,47,119,18,0,0
201052,4,405,3,50,88,88,0,0
201052,5,317,1,44,100,36,0,0
201052,6,124,0,2,38,19,0,0
201052,7,117,0,8,27,8,0,0
201052,8,255,5,4,160,13,0,0
201052,9,327,1,17,116,61,0,0
201052,10,79,0,3,12,2,0,0
201101,1,207,0,10,115,5,0,0
201101,2,149,3,12,53,1,0,0
201101,3,411,12,62,138,14,0,0
201101,4,495,4,75,67,99,0,0
201101,5,426,1,76,113,41,0,0
201101,6,168,0,8,68,24,0,0
201101,7,140,0,15,42,15,0,0
201101,8,241,3,23,122,14,0,0
201101,9,380,0,29,137,46,0,0
201101,10,127,1,9,36,6,0,0
201102,1,241,0,24,112,3,0,0
201102,2,163,5,17,54,4,0,0
201102,3,440,11,110,142,30,0,0
201102,4,460,4,100,66,98,0,0
201102,5,450,1,115,119,48,0,0
201102,6,196,1,13,73,34,0,0
201102,7,204,0,44,50,28,0,0
201102,8,208,0,21,92,14,0,0
201102,9,464,0,40,193,73,0,0
201102,10,152,1,29,49,5,0,0
201103,1,288,0,53,134,16,0,0
201103,2,138,1,22,41,4,0,0
201103,3,601,12,185,233,41,0,0
201103,4,501,1,128,95,86,0,0
201103,5,513,4,143,130,47,0,0
201103,6,253,0,31,96,55,0,0
201103,7,244,0,49,50,48,0,0
201103,8,274,0,44,116,31,0,0
201103,9,523,1,88,172,64,0,0
201103,10,224,0,22,79,11,0,0
201104,1,279,0,48,99,17,0,0
201104,2,181,5,39,38,14,0,0
201104,3,835,8,300,281,37,0,0
201104,4,586,2,134,85,142,0,0
201104,5,574,2,174,112,71,0,0
201104,6,303,5,20,126,75,0,0
201104,7,335,3,94,69,65,0,0
201104,8,303,1,43,119,43,0,0
201104,9,533,3,92,178,79,0,0
201104,10,290,0,42,85,8,0,0
201105,1,343,1,67,134,19,0,0
201105,2,214,4,39,53,26,0,0
201105,3,825,9,357,260,58,0,0
201105,4,707,10,166,116,149,0,0
201105,5,537,8,140,101,69,0,0
201105,6,260,3,32,109,40,0,0
201105,7,319,2,84,60,61,0,0
201105,8,320,0,56,103,71,0,0
201105,9,611,4,113,172,91,0,0
201105,10,226,1,45,59,4,0,0
201106,1,354,1,99,107,23,0,0
201106,2,203,3,41,56,19,0,0
201106,3,910,5,337,311,56,0,0
201106,4,720,2,152,112,137,0,0
201106,5,612,1,160,120,96,0,0
201106,6,265,3,29,91,59,0,0
201106,7,294,5,59,69,52,0,0
201106,8,320,1,54,82,70,0,0
201106,9,661,3,162,173,84,0,0
201106,10,286,2,44,80,11,0,0
201107,1,467,0,121,140,42,0,0
201107,2,261,2,52,67,27,0,0
201107,3,957,16,335,289,75,0,0
201107,4,689,3,127,124,108,0,0
201107,5,683,5,144,138,93,0,0
201107,6,294,0,26,96,61,0,0
201107,7,302,4,58,72,71,0,0
201107,8,362,0,65,88,90,0,0
201107,9,769,2,258,167,102,0,0
201107,10,365,7,79,96,7,0,0
201108,1,448,0,106,161,26,0,0
201108,2,208,3,43,58,18,0,0
201108,3,847,14,268,231,103,0,0
201108,4,566,4,91,90,82,0,0
201108,5,629,2,119,120,105,0,0
201108,6,236,1,35,48,44,0,0
201108,7,289,4,34,64,51,0,0
201108,8,318,1,73,68,74,0,0
201108,9,589,3,208,127,68,0,0
201108,10,308,2,54,89,7,0,0
201109,1,340,0,80,86,40,0,0
201109,2,186,0,31,64,21,0,0
201109,3,579,5,152,172,43,0,0
201109,4,516,4,77,75,60,0,0
201109,5,608,4,114,149,87,0,0
201109,6,176,0,22,36,18,0,0
201109,7,203,0,34,48,40,0,0
201109,8,282,0,50,63,82,0,0
201109,9,540,3,193,99,52,0,0
201109,10,326,1,78,86,12,0,0
201110,1,344,1,60,98,33,0,0
201110,2,148,0,18,41,15,0,0
201110,3,505,9,111,146,38,0,0
201110,4,392,1,48,43,32,0,0
201110,5,585,3,64,162,82,0,0
201110,6,154,3,22,22,18,0,0
201110,7,192,0,19,43,41,0,0
201110,8,243,2,40,47,68,0,0
201110,9,446,3,159,77,46,0,0
201110,10,346,4,82,99,10,0,0
201111,1,228,0,49,45,29,0,0
201111,2,130,0,9,24,20,0,0
201111,3,397,4,51,96,49,0,0
201111,4,265,0,26,33,18,0,0
201111,5,533,3,63,146,68,0,0
201111,6,116,0,9,20,11,0,0
201111,7,149,3,18,31,25,0,0
201111,8,190,2,30,36,59,0,0
201111,9,311,0,72,51,33,0,0
201111,10,277,4,62,72,7,0,0
201112,1,221,0,33,39,26,0,0
201112,2,121,0,11,26,18,0,0
201112,3,217,4,25,61,30,0,0
201112,4,205,1,11,15,14,0,0
201112,5,449,4,28,101,50,0,0
201112,6,75,0,7,3,5,0,0
201112,7,113,1,9,14,17,0,0
201112,8,174,0,18,28,45,0,0
201112,9,207,0,38,31,20,0,0
201112,10,233,2,35,63,7,0,0
201113,1,157,0,9,20,30,0,0
201113,2,87,2,6,13,14,0,0
201113,3,193,2,15,29,29,0,0
201113,4,162,0,6,12,2,0,0
201113,5,357,3,23,76,33,0,0
201113,6,73,0,8,2,3,0,0
201113,7,94,1,5,17,7,0,0
201113,8,113,1,14,26,13,0,0
201113,9,209,0,41,22,15,0,0
201113,10,190,2,23,36,6,0,0
201114,1,126,1,6,19,23,0,0
201114,2,90,0,4,11,20,0,0
201114,3,183,1,10,23,29,0,0
201114,4,149,0,1,9,5,0,0
201114,5,333,3,9,74,35,0,0
201114,6,56,0,2,3,0,0,0
201114,7,70,0,3,9,4,0,0
201114,8,120,0,8,23,14,0,0
201114,9,171,0,12,15,18,0,0
201114,10,138,0,16,13,4,0,0
201115,1,102,0,6,17,12,0,0
201115,2,83,0,6,11,10,0,0
201115,3,132,0,1,5,24,0,0
201115,4,134,0,4,21,3,0,0
201115,5,255,0,2,48,28,0,0
201115,6,46,0,0,0,0,0,0
201115,7,50,0,0,4,1,0,0
201115,8,55,0,2,3,8,0,0
201115,9,140,0,9,12,10,0,0
201115,10,95,1,3,11,2,0,0
201116,1,42,0,3,7,4,0,0
201116,2,56,1,2,2,6,0,0
201116,3,87,0,0,5,2,0,0
201116,4,78,0,2,2,3,0,0
201116,5,187,2,0,28,11,0,0
201116,6,38,0,2,0,2,0,0
201116,7,37,0,0,1,2,0,0
201116,8,55,0,1,4,4,0,0
201116,9,99,1,3,2,8,0,0
201116,10,115,2,8,4,5,0,0
201117,1,48,0,0,5,2,0,0
201117,2,37,0,2,3,1,0,0
201117,3,104,1,0,5,3,0,0
201117,4,86,0,2,2,0,0,0
201117,5,144,1,1,2,15,0,0
201117,6,33,0,0,1,0,0,0
201117,7,41,0,0,1,2,0,0
201117,8,38,0,0,0,3,0,0
201117,9,95,0,2,3,5,0,0
201117,10,82,0,1,2,1,0,0
201118,1,27,0,0,4,0,0,0
201118,2,28,0,0,0,0,0,0
201118,3,40,0,0,5,0,0,0
201118,4,62,0,1,2,0,0,0
201118,5,131,2,1,6,7,0,0
201118,6,129,0,1,0,0,0,0
201118,7,27,0,0,2,0,0,0
201118,8,36,0,1,2,0,0,0
201118,9,46,0,0,0,1,0,0
201118,10,65,0,6,2,1,0,0
201119,1,14,0,0,0,0,0,0
201119,2,18,0,0,0,0,0,0
201119,3,87,0,0,0,0,0,0
201119,4,49,0,0,0,0,0,0
201119,5,101,0,0,5,2,0,0
201119,6,66,0,0,0,1,0,0
201119,7,21,0,0,2,0,0,0
201119,8,19,0,0,0,0,0,0
201119,9,76,0,1,0,1,0,0
201119,10,66,0,1,1,0,0,0
201120,1,19,0,0,0,0,0,0
201120,2,14,0,0,0,0,0,0
201120,3,38,0,0,0,1,0,0
201120,4,31,1,0,0,0,0,0
201120,5,92,0,0,1,2,0,0
201120,6,35,0,0,0,0,0,0
201120,7,13,0,0,0,0,0,0
201120,8,19,0,0,1,0,0,0
201120,9,72,0,0,2,2,0,0
201120,10,64,0,0,2,0,0,0
201121,1,18,0,0,2,0,0,0
201121,2,17,0,0,0,0,0,0
201121,3,39,0,0,0,0,0,0
201121,4,27,0,1,0,0,0,0
201121,5,52,0,0,0,0,0,0
201121,6,34,0,0,0,0,0,0
201121,7,9,0,0,1,0,0,0
201121,8,7,0,0,0,0,0,0
201121,9,78,0,1,0,3,0,0
201121,10,42,1,0,0,0,0,0
201122,1,12,0,0,0,0,0,0
201122,2,10,0,0,0,0,0,0
201122,3,31,0,0,0,0,0,0
201122,4,31,0,0,0,0,0,0
201122,5,41,0,0,0,0,0,0
201122,6,6,0,0,0,1,0,0
201122,7,4,0,0,0,0,0,0
201122,8,15,0,1,0,0,0,0
201122,9,59,0,0,0,1,0,0
201122,10,25,0,0,0,0,0,0
201123,1,12,0,0,0,0,0,0
201123,2,12,0,0,0,0,0,0
201123,3,13,0,0,0,0,0,0
201123,4,27,0,0,0,0,0,0
201123,5,40,0,0,0,0,0,0
201123,6,16,0,0,0,0,0,0
201123,7,6,0,0,0,0,0,0
201123,8,7,0,0,0,0,0,0
201123,9,56,0,0,0,2,0,0
201123,10,36,0,0,0,0,0,0
201124,1,7,0,0,0,0,0,0
201124,2,4,0,0,0,0,0,0
201124,3,14,0,0,0,0,0,0
201124,4,27,1,2,0,0,0,0
201124,5,21,0,0,0,0,0,0
201124,6,9,0,0,0,0,0,0
201124,7,5,0,0,0,0,0,0
201124,8,6,0,0,0,0,0,0
201124,9,52,0,0,0,0,0,0
201124,10,24,0,0,0,0,0,0
201125,1,3,0,0,0,0,0,0
201125,2,11,0,0,0,0,0,0
201125,3,27,0,0,0,0,0,0
201125,4,16,0,0,0,0,0,0
201125,5,27,0,0,0,0,0,0
201125,6,15,0,0,0,0,0,0
201125,7,3,0,0,0,0,0,0
201125,8,8,0,0,0,0,0,0
201125,9,47,0,0,0,0,0,0
201125,10,30,0,0,0,0,0,0
201126,1,8,0,0,0,0,0,0
201126,2,4,0,0,0,0,0,0
201126,3,17,0,0,0,0,0,0
201126,4,23,0,0,0,0,0,0
201126,5,14,0,0,0,0,0,0
201126,6,21,0,0,0,0,0,0
201126,7,2,0,0,0,0,0,0
201126,8,7,0,0,0,0,0,0
201126,9,49,0,2,0,0,0,0
201126,10,20,0,0,0,0,0,0
201127,1,2,0,0,0,0,0,0
201127,2,9,0,1,0,0,0,0
201127,3,18,0,0,0,0,0,0
201127,4,22,0,0,0,0,0,0
201127,5,25,1,0,0,0,0,0
201127,6,19,0,1,0,0,0,0
201127,7,6,0,0,0,0,0,0
201127,8,5,0,0,0,0,0,0
201127,9,36,0,0,1,0,0,0
201127,10,20,0,0,0,0,0,0
201128,1,1,0,0,0,0,0,0
201128,2,6,0,0,0,0,0,0
201128,3,12,1,0,1,0,0,0
201128,4,14,0,0,1,1,0,0
201128,5,35,0,0,0,0,0,0
201128,6,10,0,0,0,0,0,0
201128,7,1,0,0,0,0,0,0
201128,8,7,0,0,0,0,0,0
201128,9,26,0,0,1,0,0,0
201128,10,21,0,0,0,0,0,0
201129,1,5,0,0,0,0,0,0
201129,2,5,0,0,1,0,0,0
201129,3,10,0,0,0,0,0,0
201129,4,15,0,0,2,0,0,0
201129,5,19,0,0,0,0,0,0
201129,6,16,0,0,0,0,0,0
201129,7,3,0,0,0,0,0,0
201129,8,10,0,0,0,0,0,0
201129,9,30,0,0,0,1,0,0
201129,10,18,0,0,0,1,0,0
201130,1,3,0,0,0,0,0,0
201130,2,5,0,0,0,0,0,0
201130,3,10,0,0,0,0,0,0
201130,4,9,0,0,0,0,0,0
201130,5,17,0,0,0,0,0,0
201130,6,7,0,0,0,0,0,0
201130,7,3,0,0,0,0,0,0
201130,8,4,0,0,0,0,0,0
201130,9,36,0,0,0,0,0,0
201130,10,32,0,0,0,0,0,0
201131,1,1,0,0,0,0,0,0
201131,2,5,0,0,0,0,0,0
201131,3,18,0,0,0,0,0,0
201131,4,17,0,0,0,0,0,0
201131,5,17,0,1,0,0,0,0
201131,6,10,0,0,0,0,0,0
201131,8,1,0,0,0,0,0,0
201131,9,30,0,2,2,1,0,0
201131,10,11,0,0,0,0,0,0
201132,1,0,0,0,0,0,0,0
201132,2,7,0,0,0,0,0,0
201132,3,19,0,0,1,0,0,0
201132,4,18,0,0,1,0,0,0
201132,5,30,0,0,0,0,0,0
201132,6,9,0,0,0,0,0,0
201132,7,3,0,0,1,0,0,0
201132,8,1,0,0,0,0,0,0
201132,9,23,0,1,0,0,0,0
201132,10,14,0,0,0,0,0,0
201133,1,4,0,0,0,0,0,0
201133,2,3,0,0,0,0,0,0
201133,3,22,0,0,0,0,0,0
201133,4,27,0,1,1,0,0,0
201133,5,25,1,0,0,1,0,0
201133,6,9,0,0,1,0,0,0
201133,7,3,0,0,0,0,0,0
201133,8,9,0,0,0,0,0,0
201133,9,36,0,1,3,1,0,0
201133,10,18,0,0,0,0,0,0
201134,1,10,0,0,0,0,0,0
201134,2,2,0,0,0,0,0,0
201134,3,27,1,0,0,0,0,0
201134,4,32,0,0,3,0,0,0
201134,5,32,0,0,0,1,0,0
201134,6,17,0,0,2,0,0,0
201134,7,19,0,0,0,0,0,0
201134,8,5,0,0,0,0,0,0
201134,9,51,0,0,0,2,0,0
201134,10,19,0,0,0,0,0,0
201135,1,7,0,0,0,0,0,0
201135,2,3,0,0,0,0,0,0
201135,3,30,0,0,0,0,0,0
201135,4,38,0,0,1,0,0,0
201135,5,21,0,1,1,0,0,0
201135,6,22,0,0,0,0,0,0
201135,7,15,0,0,0,0,0,0
201135,8,4,0,0,0,0,0,0
201135,9,49,0,1,1,0,0,0
201135,10,22,0,0,0,0,0,0
201136,1,6,0,0,0,0,0,0
201136,2,12,0,0,1,0,0,0
201136,3,53,0,0,0,0,0,0
201136,4,37,0,0,1,0,0,0
201136,5,24,0,0,0,0,0,0
201136,6,24,0,0,0,0,0,0
201136,7,14,0,0,0,0,0,0
201136,8,8,0,0,0,0,0,0
201136,9,48,0,1,1,2,0,0
201136,10,37,0,0,0,0,0,0
201137,1,10,0,0,0,0,0,0
201137,2,19,0,0,0,0,0,0
201137,3,91,1,0,1,0,0,0
201137,4,40,0,0,0,0,0,0
201137,5,32,0,0,1,0,0,0
201137,6,27,0,0,0,0,0,0
201137,7,26,0,0,0,0,0,0
201137,8,16,0,0,0,0,0,0
201137,9,29,0,0,0,1,0,0
201137,10,44,0,0,4,0,0,0
201138,1,14,0,0,0,0,0,0
201138,2,25,0,0,1,0,0,0
201138,3,59,0,0,1,0,0,0
201138,4,54,0,0,0,0,0,0
201138,5,52,0,0,1,1,0,0
201138,6,24,0,0,1,0,0,0
201138,7,31,0,0,0,0,0,0
201138,8,22,2,0,1,1,0,0
201138,9,59,0,0,0,1,0,0
201138,10,68,0,0,0,0,0,0
201139,1,12,0,0,0,0,0,0
201139,2,25,0,0,0,0,0,0
201139,3,69,0,1,2,1,0,0
201139,4,84,0,0,8,0,0,0
201139,5,64,0,0,1,0,0,0
201139,6,33,0,0,0,0,0,0
201139,7,31,0,0,0,0,0,0
201139,8,18,0,0,2,0,0,0
201139,9,54,0,0,3,1,0,0
201139,10,81,0,0,2,0,0,0
201140,1,28,0,0,0,2,0,0
201140,2,40,0,0,1,0,0,0
201140,3,78,1,0,0,0,0,0
201140,4,54,0,0,1,0,0,0
201140,5,81,0,1,3,1,0,0
201140,6,36,0,0,1,0,0,0
201140,7,33,0,0,0,0,0,0
201140,8,20,0,0,2,0,0,0
201140,9,98,0,2,1,0,0,0
201140,10,89,0,0,3,1,0,0
201141,1,44,0,0,0,1,0,0
201141,2,31,0,0,0,0,0,0
201141,3,103,0,0,0,0,0,0
201141,4,108,0,0,0,0,0,0
201141,5,88,0,0,2,0,0,0
201141,6,39,0,0,0,0,0,0
201141,7,24,0,0,0,0,0,0
201141,8,29,0,0,1,0,0,0
201141,9,97,0,0,5,1,0,0
201141,10,54,0,0,1,0,0,0
201142,1,53,0,0,0,0,0,0
201142,2,49,0,0,2,0,0,0
201142,3,130,1,0,0,0,0,0
201142,4,117,0,0,2,0,0,0
201142,5,103,0,1,0,0,0,0
201142,6,45,0,0,1,1,0,0
201142,7,14,0,0,0,0,0,0
201142,8,26,0,0,1,0,0,0
201142,9,75,0,1,4,1,0,0
201142,10,72,0,0,0,1,0,0
201143,1,36,0,0,1,0,0,0
201143,2,30,0,0,0,0,0,0
201143,3,124,0,0,0,0,0,0
201143,4,100,1,0,0,0,0,0
201143,5,122,0,0,0,0,0,0
201143,6,40,0,0,1,1,0,0
201143,7,33,0,0,0,0,0,0
201143,8,35,0,0,2,0,0,0
201143,9,106,1,0,6,2,0,0
201143,10,67,0,0,2,0,0,0
201144,1,48,0,0,0,0,0,0
201144,2,40,0,0,0,0,0,0
201144,3,131,0,0,0,0,0,0
201144,4,125,0,1,2,0,0,0
201144,5,129,1,0,4,0,0,0
201144,6,42,0,0,0,0,0,0
201144,7,44,0,0,1,0,0,0
201144,8,46,0,0,1,0,0,0
201144,9,114,1,0,3,2,0,0
201144,10,82,0,0,4,0,0,0
201145,1,55,0,0,0,0,0,0
201145,2,51,0,0,0,0,0,0
201145,3,135,0,0,0,0,0,0
201145,4,94,0,1,0,1,0,0
201145,5,138,0,0,1,2,0,0
201145,6,42,0,0,0,1,0,0
201145,7,25,0,0,1,0,0,0
201145,8,51,0,0,8,0,0,0
201145,9,102,0,0,3,0,0,0
201145,10,69,0,0,1,0,0,0
201146,1,69,0,0,0,0,0,0
201146,2,51,0,0,1,0,0,0
201146,3,138,1,0,1,0,0,0
201146,4,161,0,0,3,2,0,0
201146,5,139,0,0,2,0,0,0
201146,6,32,0,0,0,0,0,0
201146,7,44,3,0,2,0,0,0
201146,8,46,0,0,1,0,0,0
201146,9,102,1,0,3,1,0,0
201146,10,77,0,0,1,0,0,0
201147,1,51,0,1,1,1,0,0
201147,2,38,0,0,1,0,0,0
201147,3,86,0,1,2,0,0,0
201147,4,76,0,0,2,0,0,0
201147,5,95,0,0,0,0,0,0
201147,6,38,0,0,1,1,0,0
201147,7,25,0,0,2,0,0,0
201147,8,42,0,0,8,0,0,0
201147,9,67,0,0,5,0,0,0
201147,10,62,0,0,0,1,0,0
201148,1,53,0,0,0,0,0,0
201148,2,52,0,0,0,0,0,0
201148,3,120,0,0,0,0,0,0
201148,4,139,0,1,4,0,0,0
201148,5,126,1,0,4,0,0,0
201148,6,46,0,0,0,1,0,0
201148,7,41,0,0,2,0,0,0
201148,8,45,0,1,9,0,0,0
201148,9,93,0,0,5,1,0,0
201148,10,76,0,0,3,0,0,0
201149,1,63,0,0,1,0,0,0
201149,2,50,0,1,0,0,0,0
201149,3,174,0,0,1,0,0,0
201149,4,134,0,4,10,0,0,0
201149,5,129,0,0,2,0,0,0
201149,6,60,0,0,1,0,0,0
201149,7,39,0,0,2,0,0,0
201149,8,54,0,0,14,1,0,0
201149,9,91,0,0,6,1,0,0
201149,10,65,0,0,0,0,0,0
201150,1,68,0,0,1,0,0,0
201150,2,40,0,0,2,0,0,0
201150,3,117,0,0,2,0,0,0
201150,4,101,0,3,4,0,0,0
201150,5,168,0,1,14,1,0,0
201150,6,45,0,0,1,2,0,0
201150,7,42,0,0,9,0,0,0
201150,8,46,0,0,24,2,0,0
201150,9,108,0,0,13,3,0,0
201150,10,76,0,0,4,0,0,0
201151,1,53,0,1,1,1,0,0
201151,2,39,0,0,3,0,0,0
201151,3,114,0,1,2,0,0,0
201151,4,115,2,3,9,2,0,0
201151,5,174,0,1,18,2,0,0
201151,6,50,0,0,0,0,0,0
201151,7,42,0,0,9,0,0,0
201151,8,63,0,0,26,0,0,0
201151,9,88,0,0,25,2,0,0
201151,10,108,0,1,5,0,0,0
201152,1,72,0,0,8,1,0,0
201152,2,43,0,0,0,0,0,0
201152,3,166,0,0,3,0,0,0
201152,4,105,0,0,11,1,0,0
201152,5,189,0,2,22,1,0,0
201152,6,51,0,0,4,3,0,0
201152,7,35,0,0,13,1,0,0
201152,8,71,0,0,25,1,0,0
201152,9,85,0,2,7,3,0,0
201152,10,112,0,0,5,2,0,0
201201,1,83,0,0,0,3,0,0
201201,2,58,0,0,2,1,0,0
201201,3,162,1,0,2,2,0,0
201201,4,97,0,1,2,0,0,0
201201,5,232,0,2,31,2,0,0
201201,6,52,0,2,2,1,0,0
201201,7,48,0,1,12,1,0,0
201201,8,66,0,4,22,0,0,0
201201,9,91,0,3,18,0,0,0
201201,10,130,0,0,7,4,0,0
201202,1,71,0,3,2,2,0,0
201202,2,63,0,0,2,1,0,0
201202,3,143,1,1,4,1,0,0
201202,4,136,0,0,20,0,0,0
201202,5,223,0,6,38,4,0,0
201202,6,66,2,5,4,1,0,0
201202,7,50,0,1,16,2,0,0
201202,8,71,0,1,25,0,0,0
201202,9,111,0,7,19,2,0,0
201202,10,122,1,0,6,0,0,0
201203,1,86,1,0,4,0,0,0
201203,2,68,1,0,7,0,0,0
201203,3,157,4,3,8,1,0,0
201203,4,138,0,4,10,1,0,0
201203,5,198,0,1,46,2,0,0
201203,6,51,0,9,5,0,0,0
201203,7,63,0,1,12,0,0,0
201203,8,93,0,3,44,3,0,0
201203,9,169,1,22,39,2,0,0
201203,10,125,0,0,12,4,0,0
201204,1,83,0,1,6,0,0,0
201204,2,71,0,2,2,0,0,0
201204,3,214,3,7,7,3,0,0
201204,4,131,1,9,15,2,0,0
201204,5,250,0,6,63,4,0,0
201204,6,40,0,6,6,0,0,0
201204,7,81,0,1,36,0,0,0
201204,8,115,0,6,56,0,0,0
201204,9,182,0,27,51,3,0,0
201204,10,130,1,4,7,5,0,0
201205,1,81,1,0,8,2,0,0
201205,2,60,0,3,12,0,0,0
201205,3,169,3,3,4,3,0,0
201205,4,122,0,5,16,2,0,0
201205,5,301,0,8,107,2,0,0
201205,6,77,0,13,1,2,0,0
201205,7,114,0,5,68,2,0,0
201205,8,144,0,29,59,1,0,0
201205,9,206,0,27,51,3,0,0
201205,10,139,0,6,22,3,0,0
201206,1,60,0,3,3,3,0,0
201206,2,66,0,3,4,2,0,0
201206,3,157,0,5,14,4,0,0
201206,4,138,0,16,24,1,0,0
201206,5,340,0,7,143,9,0,0
201206,6,81,0,24,4,4,0,0
201206,7,106,0,5,45,3,0,0
201206,8,137,0,34,50,0,0,0
201206,9,231,0,42,90,9,0,0
201206,10,141,0,3,18,3,0,0
201207,1,63,0,1,4,5,0,0
201207,2,99,0,12,21,4,0,0
201207,3,221,11,11,27,5,0,0
201207,4,163,0,15,21,0,0,0
201207,5,368,7,17,158,10,0,0
201207,6,59,0,1,11,1,0,0
201207,7,122,6,5,57,3,0,0
201207,8,177,0,43,69,1,0,0
201207,9,278,2,64,88,7,0,0
201207,10,156,0,11,23,4,0,0
201208,1,68,1,3,4,7,0,0
201208,2,75,0,13,8,3,0,0
201208,3,195,13,13,28,8,0,0
201208,4,218,0,25,58,3,0,0
201208,5,523,10,25,257,14,0,0
201208,6,61,1,22,9,1,0,0
201208,7,141,0,10,81,0,0,0
201208,8,198,0,42,93,0,0,0
201208,9,249,1,66,87,5,0,0
201208,10,189,0,11,25,7,0,0
201209,1,89,0,8,12,4,0,0
201209,2,96,0,23,19,5,0,0
201209,3,236,11,15,47,8,0,0
201209,4,225,2,19,65,6,0,0
201209,5,581,1,35,324,17,0,0
201209,6,119,0,29,17,2,0,0
201209,7,284,2,20,183,1,0,0
201209,8,264,0,80,105,1,0,0
201209,9,359,2,112,129,11,0,0
201209,10,174,1,13,28,7,0,0
201210,1,86,0,10,17,6,0,0
201210,2,104,0,28,22,4,0,0
201210,3,335,30,21,116,11,0,0
201210,4,196,2,25,46,6,0,0
201210,5,541,4,29,330,17,0,0
201210,6,144,0,41,43,1,0,0
201210,7,543,3,33,358,6,0,0
201210,8,260,1,99,101,1,0,0
201210,9,307,0,88,113,6,0,0
201210,10,192,0,19,30,8,0,0
201211,1,101,0,10,22,8,0,0
201211,2,111,0,23,34,8,0,0
201211,3,337,26,23,119,21,0,0
201211,4,242,1,34,66,8,0,0
201211,5,564,1,30,377,26,0,0
201211,6,129,0,42,37,6,0,0
201211,7,490,7,42,318,7,0,0
201211,8,317,2,119,129,7,0,0
201211,9,393,1,127,149,17,0,0
201211,10,216,1,38,54,6,0,0
201212,1,105,0,19,39,5,0,0
201212,2,110,3,30,25,10,0,0
201212,3,269,21,17,89,30,0,0
201212,4,213,2,22,59,1,0,0
201212,5,502,1,17,312,33,0,0
201212,6,108,0,31,20,8,0,0
201212,7,246,4,21,121,6,0,0
201212,8,276,0,97,115,4,0,0
201212,9,396,0,88,158,20,0,0
201212,10,241,0,33,82,12,0,0
201213,1,69,0,5,25,5,0,0
201213,2,70,0,16,14,6,0,0
201213,3,199,6,4,52,17,0,0
201213,4,161,1,18,32,3,0,0
201213,5,304,2,8,155,13,0,0
201213,6,81,0,18,18,3,0,0
201213,7,107,3,8,40,2,0,0
201213,8,196,0,74,82,1,0,0
201213,9,347,0,47,157,35,0,0
201213,10,270,0,32,85,25,0,0
201214,1,75,0,8,32,2,0,0
201214,2,86,0,14,19,8,0,0
201214,3,203,7,7,62,19,0,0
201214,4,107,0,20,24,3,0,0
201214,5,273,1,6,121,19,0,0
201214,6,85,1,16,25,3,0,0
201214,7,88,1,3,31,2,0,0
201214,8,175,7,53,62,6,0,0
201214,9,333,2,59,139,35,0,0
201214,10,226,0,27,69,23,0,0
201215,1,133,3,11,54,11,0,0
201215,2,87,2,11,18,14,0,0
201215,3,176,11,5,56,26,0,0
201215,4,115,1,12,19,4,0,0
201215,5,250,1,2,101,22,0,0
201215,6,77,0,10,30,3,0,0
201215,7,75,0,5,16,2,0,0
201215,8,161,0,41,69,7,0,0
201215,9,248,0,22,113,38,0,0
201215,10,225,0,30,55,30,0,0
201216,1,133,0,6,70,13,0,0
201216,2,88,0,11,15,8,0,0
201216,3,238,12,7,73,34,0,0
201216,4,65,0,1,12,3,0,0
201216,5,217,0,6,95,22,0,0
201216,6,48,1,4,10,3,0,0
201216,7,63,0,0,27,1,0,0
201216,8,94,0,20,36,2,0,0
201216,9,282,0,17,130,42,0,0
201216,10,223,0,21,48,41,0,0
201217,1,96,0,3,43,12,0,0
201217,2,59,0,7,13,8,0,0
201217,3,133,6,6,29,22,0,0
201217,4,86,0,6,17,7,0,0
201217,5,150,1,2,57,12,0,0
201217,6,49,0,1,8,2,0,0
201217,7,48,1,0,12,6,0,0
201217,8,83,0,9,43,1,0,0
201217,9,185,0,6,77,25,0,0
201217,10,185,0,17,28,39,0,0
201218,1,82,0,2,38,4,0,0
201218,2,53,0,5,17,15,0,0
201218,3,157,2,4,41,37,0,0
201218,4,82,0,4,18,3,0,0
201218,5,150,1,2,41,28,0,0
201218,6,33,0,2,7,2,0,0
201218,7,42,0,2,12,1,0,0
201218,8,53,1,12,24,1,0,0
201218,9,215,0,7,68,39,0,0
201218,10,146,0,5,17,30,0,0
201219,1,59,0,1,12,7,0,0
201219,2,38,1,2,21,4,0,0
201219,3,139,2,5,43,27,0,0
201219,4,64,0,2,11,12,0,0
201219,5,134,0,3,29,22,0,0
201219,6,25,0,1,2,2,0,0
201219,7,18,0,0,4,0,0,0
201219,8,49,0,5,19,5,0,0
201219,9,188,0,1,60,46,0,0
201219,10,143,0,1,11,39,0,0
201220,1,49,0,3,9,6,0,0
201220,2,25,0,1,10,2,0,0
201220,3,93,4,3,18,15,0,0
201220,4,76,0,1,18,15,0,0
201220,5,93,0,1,13,11,0,0
201220,6,26,0,0,0,0,0,0
201220,7,25,0,0,0,1,0,0
201220,8,40,0,4,12,1,0,0
201220,9,150,0,3,46,43,0,0
201220,10,145,0,3,22,36,0,0
201221,1,28,0,1,5,3,0,0
201221,2,18,0,1,7,4,0,0
201221,3,45,0,0,0,4,0,0
201221,4,80,0,2,13,12,0,0
201221,5,83,0,2,8,12,0,0
201221,6,28,0,0,0,6,0,0
201221,7,6,0,0,0,0,0,0
201221,8,17,0,0,3,4,0,0
201221,9,170,0,0,25,64,0,0
201221,10,119,0,4,7,29,0,0
201222,1,20,0,0,3,3,0,0
201222,2,7,0,0,2,1,0,0
201222,3,30,0,0,4,7,0,0
201222,4,18,0,0,1,4,0,0
201222,5,58,0,1,7,4,0,0
201222,6,14,0,0,0,1,0,0
201222,7,5,0,0,1,0,0,0
201222,8,18,0,1,10,0,0,0
201222,9,183,0,0,30,52,0,0
201222,10,82,0,0,4,15,0,0
201223,1,26,0,0,2,0,0,0
201223,2,10,0,1,3,0,0,0
201223,3,31,2,0,2,5,0,0
201223,4,65,0,0,6,18,0,0
201223,5,41,0,2,4,2,0,0
201223,6,18,0,0,0,3,0,0
201223,7,7,0,0,0,0,0,0
201223,8,16,0,0,1,2,0,0
201223,9,126,2,1,18,35,0,0
201223,10,68,0,0,7,10,0,0
201224,1,24,0,0,0,1,0,0
201224,2,7,0,0,0,0,0,0
201224,3,30,0,0,1,1,0,0
201224,4,44,0,1,2,3,0,0
201224,5,26,0,1,2,2,0,0
201224,6,15,0,0,1,1,0,0
201224,7,1,0,0,0,0,0,0
201224,8,14,0,0,2,6,0,0
201224,9,129,4,0,32,30,0,0
201224,10,70,0,0,8,11,0,0
201225,1,6,0,0,1,0,0,0
201225,2,7,0,0,3,0,0,0
201225,3,24,0,0,0,1,0,0
201225,4,28,0,0,3,4,0,0
201225,5,20,0,0,0,3,0,0
201225,6,14,0,0,0,3,0,0
201225,7,2,0,0,0,0,0,0
201225,8,9,0,0,2,1,0,0
201225,9,103,5,0,14,17,0,0
201225,10,54,0,1,11,3,0,0
201226,1,14,0,0,1,0,0,0
201226,2,2,0,0,0,1,0,0
201226,3,20,0,0,0,1,0,0
201226,4,25,0,0,4,6,0,0
201226,5,30,0,0,1,0,0,0
201226,6,17,0,0,0,1,0,0
201226,8,6,0,0,0,1,0,0
201226,9,91,0,0,7,23,0,0
201226,10,49,0,0,4,2,0,0
201227,1,9,0,0,0,1,0,0
201227,2,9,0,0,0,0,0,0
201227,3,13,0,0,0,1,0,0
201227,4,31,0,1,0,7,0,0
201227,5,12,0,0,3,0,0,0
201227,6,9,0,0,0,0,0,0
201227,7,2,0,0,0,1,0,0
201227,8,4,0,0,1,0,0,0
201227,9,93,0,0,10,13,0,0
201227,10,39,0,0,1,0,0,0
201228,1,5,0,0,0,0,0,0
201228,2,8,0,0,1,0,0,0
201228,3,20,0,1,0,0,0,0
201228,4,36,0,0,6,6,0,0
201228,5,31,0,0,0,0,0,0
201228,6,15,0,0,1,0,0,0
201228,7,2,0,0,0,0,0,0
201228,8,3,0,1,1,0,0,0
201228,9,109,0,1,16,7,0,0
201228,10,51,0,0,7,0,0,0
201229,1,9,0,0,0,0,0,0
201229,2,1,0,0,0,0,0,0
201229,3,17,0,0,2,1,0,0
201229,4,44,0,0,4,2,0,0
201229,5,27,0,0,0,0,0,0
201229,6,11,0,0,1,0,0,0
201229,7,3,0,0,0,1,0,0
201229,8,2,0,0,0,0,0,0
201229,9,104,0,0,11,12,0,0
201229,10,58,0,0,0,10,0,0
201230,1,14,0,0,0,0,0,0
201230,2,5,0,0,2,1,0,0
201230,3,18,1,0,4,0,0,0
201230,4,52,0,0,3,3,0,0
201230,5,35,0,0,1,0,0,0
201230,6,11,0,0,0,0,0,0
201230,7,3,0,0,0,1,0,0
201230,8,5,0,0,1,0,0,0
201230,9,117,0,0,36,7,0,0
201230,10,52,0,0,2,6,0,0
201231,1,5,0,0,0,0,0,0
201231,2,6,0,0,1,0,0,0
201231,3,20,0,0,0,0,0,0
201231,4,21,0,0,2,5,0,0
201231,5,192,0,0,3,1,0,0
201231,6,7,0,0,0,0,0,0
201231,7,3,0,0,0,1,0,0
201231,8,0,0,0,0,0,0,0
201231,9,128,0,0,54,6,0,0
201231,10,51,0,1,4,3,0,0
201232,1,9,0,0,1,0,0,0
201232,2,10,0,0,3,0,0,0
201232,3,32,0,0,1,0,0,0
201232,4,30,0,0,6,1,0,0
201232,5,222,0,0,4,0,0,0
201232,6,15,0,0,1,0,0,0
201232,7,13,0,1,0,1,0,0
201232,8,10,0,0,0,0,0,0
201232,9,138,1,0,44,10,0,0
201232,10,48,0,0,1,0,0,0
201233,1,14,0,0,0,0,0,0
201233,2,10,0,1,1,0,0,0
201233,3,56,0,1,2,0,0,0
201233,4,54,0,1,2,2,0,0
201233,5,211,0,0,5,0,0,0
201233,6,17,0,0,0,0,0,0
201233,7,9,0,1,0,0,0,0
201233,8,7,0,0,3,0,0,0
201233,9,137,0,0,43,8,0,0
201233,10,64,0,1,9,0,0,0
201234,1,13,0,0,0,0,0,0
201234,2,11,0,0,1,0,0,0
201234,3,79,0,2,1,0,0,0
201234,4,77,1,2,1,1,0,0
201234,5,143,0,0,2,0,0,0
201234,6,36,0,0,6,0,0,0
201234,7,9,0,0,0,0,0,0
201234,8,9,0,0,1,0,0,0
201234,9,144,0,0,28,8,0,0
201234,10,57,0,0,8,0,0,0
201235,1,8,0,0,1,0,0,0
201235,2,9,0,0,1,1,0,0
201235,3,77,0,0,3,1,0,0
201235,4,82,0,0,0,1,0,0
201235,5,147,4,0,1,1,0,0
201235,6,30,0,0,0,0,0,0
201235,7,16,0,0,2,0,0,0
201235,8,7,0,0,2,0,0,0
201235,9,121,0,0,24,3,0,0
201235,10,50,0,0,3,0,0,0
201236,1,12,0,0,0,0,0,0
201236,2,17,0,0,3,1,0,0
201236,3,87,0,0,2,1,0,0
201236,4,74,0,0,3,0,0,0
201236,5,108,2,1,1,1,0,0
201236,6,18,0,0,0,0,0,0
201236,7,9,0,0,0,0,0,0
201236,8,8,0,0,0,1,0,0
201236,9,126,0,0,22,3,0,0
201236,10,61,0,0,2,0,0,0
201237,1,8,0,0,0,0,0,0
201237,2,28,0,0,1,4,0,0
201237,3,103,0,0,2,2,0,0
201237,4,69,0,0,0,3,0,0
201237,5,103,0,0,1,0,0,0
201237,6,32,0,0,0,0,0,0
201237,7,21,0,0,1,0,0,0
201237,8,17,0,0,1,2,0,0
201237,9,105,0,0,8,1,0,0
201237,10,64,0,0,2,1,0,0
201238,1,19,0,0,1,0,0,0
201238,2,10,0,0,2,1,0,0
201238,3,95,1,0,1,0,0,0
201238,4,80,0,2,4,2,0,0
201238,5,122,0,1,0,1,0,0
201238,6,28,0,0,0,0,0,0
201238,7,19,0,1,1,0,0,0
201238,8,12,0,1,3,0,0,0
201238,9,117,0,0,19,2,0,0
201238,10,76,0,0,11,0,0,0
201239,1,20,0,0,1,0,0,0
201239,2,24,0,0,1,1,0,0
201239,3,109,3,1,3,1,0,0
201239,4,73,1,5,2,6,0,0
201239,5,130,0,1,7,6,0,0
201239,6,30,0,0,4,0,0,0
201239,7,36,0,0,0,3,0,0
201239,8,18,1,0,3,3,0,0
201239,9,113,0,0,8,3,0,0
201239,10,89,0,0,11,0,0,0
201240,1,42,0,0,1,0,0,0
201240,2,28,0,1,1,1,0,0
201240,3,107,0,0,2,0,0,0
201240,4,121,0,2,14,9,0,0
201240,5,194,1,4,4,7,0,0
201240,6,55,0,2,4,11,0,0
201240,7,39,0,0,3,1,0,0
201240,8,41,0,0,14,1,0,0
201240,9,134,0,0,9,2,0,0
201240,10,100,0,0,13,3,0,0
201241,1,43,0,0,1,0,0,0
201241,2,46,0,0,4,2,0,0
201241,3,114,0,0,4,2,0,0
201241,4,98,0,3,9,15,0,0
201241,5,205,0,2,2,3,0,0
201241,6,56,0,0,2,7,0,0
201241,7,54,0,0,15,2,0,0
201241,8,51,0,1,6,4,0,0
201241,9,123,0,0,11,0,0,0
201241,10,102,0,0,8,0,0,0
201242,1,30,0,0,1,0,0,0
201242,2,76,0,0,14,10,0,0
201242,3,140,0,1,5,2,0,0
201242,4,121,0,1,13,16,0,0
201242,5,248,3,0,10,3,0,0
201242,6,54,0,1,1,4,0,0
201242,7,85,0,0,36,0,0,0
201242,8,69,0,0,8,9,0,0
201242,9,111,0,0,21,2,0,0
201242,10,120,0,0,14,3,0,0
201243,1,36,0,0,3,0,0,0
201243,2,70,0,0,14,18,0,0
201243,3,167,0,1,13,1,0,0
201243,4,116,0,1,16,14,0,0
201243,5,229,0,0,9,6,0,0
201243,6,62,0,0,5,13,0,0
201243,7,74,0,0,27,1,0,0
201243,8,88,0,0,7,15,0,0
201243,9,134,0,0,16,2,0,0
201243,10,151,0,0,38,1,0,0
201244,1,57,0,0,8,1,0,0
201244,2,64,0,0,13,16,0,0
201244,3,119,0,0,4,0,0,0
201244,4,126,0,0,32,17,0,0
201244,5,252,2,3,14,5,0,0
201244,6,61,0,0,5,7,0,0
201244,7,72,0,0,22,4,0,0
201244,8,61,0,0,15,16,0,0
201244,9,131,0,0,20,2,0,0
201244,10,172,0,1,44,4,0,0
201245,1,54,1,0,7,0,0,0
201245,2,60,0,1,9,14,0,0
201245,3,178,0,1,13,4,0,0
201245,4,175,0,2,62,25,0,0
201245,5,248,3,0,23,10,0,0
201245,6,104,0,0,17,13,0,0
201245,7,98,0,0,40,16,0,0
201245,8,98,0,0,20,24,0,0
201245,9,134,0,0,20,5,0,0
201245,10,183,0,0,50,1,0,0
201246,1,50,0,0,7,0,0,0
201246,2,62,0,0,17,7,0,0
201246,3,198,0,0,25,1,0,0
201246,4,206,1,4,101,21,0,0
201246,5,255,0,4,53,18,0,0
201246,6,83,0,0,15,9,0,0
201246,7,139,1,0,48,34,0,0
201246,8,85,0,0,22,17,0,0
201246,9,138,0,0,22,6,0,0
201246,10,182,0,0,64,5,0,0
201247,1,71,2,0,17,1,0,0
201247,2,54,0,1,22,3,0,0
201247,3,181,0,1,38,3,0,0
201247,4,260,0,0,157,24,0,0
201247,5,265,0,2,95,40,0,0
201247,6,62,0,0,15,19,0,0
201247,7,137,0,0,58,16,0,0
201247,8,72,1,0,15,26,0,0
201247,9,147,3,0,22,8,0,0
201247,10,215,0,0,105,7,0,0
201248,1,79,0,0,27,5,0,0
201248,2,136,0,2,66,20,0,0
201248,3,315,6,5,139,11,0,0
201248,4,392,2,0,193,29,0,0
201248,5,397,0,5,151,29,0,0
201248,6,137,0,0,40,21,0,0
201248,7,203,1,0,95,15,0,0
201248,8,145,0,2,51,42,0,0
201248,9,193,3,2,34,10,0,0
201248,10,286,0,1,126,19,0,0
201249,1,214,2,0,108,11,0,0
201249,2,195,0,7,121,7,0,0
201249,3,548,4,5,296,27,0,0
201249,4,532,0,2,282,34,0,0
201249,5,669,4,6,343,69,0,0
201249,6,165,1,0,58,21,0,0
201249,7,295,5,1,174,27,0,0
201249,8,221,0,5,86,52,0,0
201249,9,239,0,9,57,15,0,0
201249,10,252,0,0,91,20,0,0
201250,1,340,0,6,222,8,0,0
201250,2,245,4,5,156,8,0,0
201250,3,901,0,10,589,39,0,0
201250,4,573,0,2,299,44,0,0
201250,5,900,3,7,515,99,0,0
201250,6,125,1,2,33,26,0,0
201250,7,385,7,0,223,36,0,0
201250,8,232,0,0,133,42,0,0
201250,9,311,1,3,99,28,0,0
201250,10,278,0,0,123,17,0,0
201251,1,564,0,8,365,23,0,0
201251,2,498,5,6,352,19,0,0
201251,3,1150,1,19,813,65,0,0
201251,4,397,3,1,213,25,0,0
201251,5,992,3,5,617,114,0,0
201251,6,161,0,1,75,32,0,0
201251,7,359,4,0,186,28,0,0
201251,8,390,2,3,243,60,0,0
201251,9,348,0,6,179,34,0,0
201251,10,249,0,0,109,34,0,0
201252,1,628,0,9,418,19,0,0
201252,2,391,14,4,282,13,0,0
201252,3,1191,5,28,892,59,0,0
201252,4,332,1,7,181,24,0,0
201252,5,914,6,5,579,74,0,0
201252,6,124,0,1,60,28,0,0
201252,7,326,14,2,170,22,0,0
201252,8,352,1,4,220,29,0,0
201252,9,376,1,9,215,41,0,0
201252,10,306,0,4,166,33,0,0
201301,1,532,0,12,294,13,0,0
201301,2,290,14,7,175,25,0,0
201301,3,1025,6,26,685,60,0,0
201301,4,368,0,8,189,15,0,0
201301,5,1178,16,3,697,67,0,0
201301,6,170,0,1,106,20,0,0
201301,7,319,5,1,151,28,0,0
201301,8,353,0,6,227,50,0,0
201301,9,489,2,8,294,39,0,0
201301,10,269,0,3,141,22,0,0
201302,1,646,0,8,355,16,0,0
201302,2,330,22,18,118,18,0,0
201302,3,1023,0,12,648,77,0,0
201302,4,598,0,8,289,43,0,0
201302,5,1396,21,24,700,81,0,0
201302,6,249,1,2,131,33,0,0
201302,7,354,9,0,143,32,0,0
201302,8,351,0,6,197,36,0,0
201302,9,583,2,21,363,52,0,0
201302,10,443,1,3,233,35,0,0
201303,1,499,0,6,237,14,0,0
201303,2,427,28,11,129,18,0,0
201303,3,778,1,18,434,57,0,0
201303,4,440,0,2,147,44,0,0
201303,5,1072,12,15,454,69,0,0
201303,6,300,0,6,137,49,0,0
201303,7,388,11,9,141,28,0,0
201303,8,307,0,2,143,36,0,0
201303,9,691,2,14,419,62,0,0
201303,10,382,0,6,178,21,0,0
201304,1,279,0,6,111,20,0,0
201304,2,274,17,9,77,23,0,0
201304,3,570,1,21,290,51,0,0
201304,4,324,0,5,105,23,0,0
201304,5,819,10,22,311,85,0,0
201304,6,255,0,9,92,42,0,0
201304,7,298,6,0,81,33,0,0
201304,8,233,0,7,102,29,0,0
201304,9,886,1,20,531,90,0,0
201304,10,400,0,5,197,28,0,0
201305,1,212,0,3,74,12,0,0
201305,2,252,16,6,64,15,0,0
201305,3,404,1,10,178,60,0,0
201305,4,306,1,12,83,37,0,0
201305,5,759,1,24,255,84,0,0
201305,6,227,2,3,80,36,0,0
201305,7,225,6,2,54,26,0,0
201305,8,290,0,6,102,34,0,0
201305,9,704,2,34,430,70,0,0
201305,10,356,1,11,142,37,0,0
201306,1,155,0,4,49,12,0,0
201306,2,116,6,9,36,16,0,0
201306,3,389,0,9,135,80,0,0
201306,4,280,0,17,56,39,0,0
201306,5,496,1,11,107,89,0,0
201306,6,184,0,5,53,24,0,0
201306,7,205,8,5,37,21,0,0
201306,8,242,0,10,72,27,0,0
201306,9,496,0,13,277,78,0,0
201306,10,273,2,4,93,34,0,0
201307,1,115,0,0,26,20,0,0
201307,2,141,1,11,42,27,0,0
201307,3,323,1,4,90,83,0,0
201307,4,271,0,6,49,64,0,0
201307,5,492,1,12,103,84,0,0
201307,6,132,0,4,42,22,0,0
201307,7,159,3,1,15,27,0,0
201307,8,147,0,9,40,35,0,0
201307,9,373,2,13,193,78,0,0
201307,10,197,3,2,68,18,0,0
201308,1,99,0,4,19,24,0,0
201308,2,88,3,7,27,16,0,0
201308,3,284,2,5,49,100,0,0
201308,4,193,0,7,26,54,0,0
201308,5,406,0,8,66,89,0,0
201308,6,99,0,6,18,14,0,0
201308,7,130,1,2,9,33,0,0
201308,8,121,0,5,21,26,0,0
201308,9,333,0,12,143,80,0,0
201308,10,196,0,3,57,31,0,0
201309,1,78,0,1,19,18,0,0
201309,2,68,0,8,20,20,0,0
201309,3,299,0,5,46,113,0,0
201309,4,210,0,10,26,51,0,0
201309,5,364,1,4,46,60,0,0
201309,6,103,0,4,15,16,0,0
201309,7,116,2,1,14,23,0,0
201309,8,82,0,4,13,24,0,0
201309,9,308,0,5,123,83,0,0
201309,10,146,1,4,34,31,0,0
201310,1,52,0,2,7,13,0,0
201310,2,93,0,6,13,41,0,0
201310,3,265,1,4,34,100,0,0
201310,4,176,0,8,21,36,0,0
201310,5,347,0,9,33,84,0,0
201310,6,87,0,3,12,9,0,0
201310,7,93,0,0,11,26,0,0
201310,8,96,0,4,21,17,0,0
201310,9,282,1,8,98,83,0,0
201310,10,157,3,0,15,18,0,0
201311,1,52,0,0,3,15,0,0
201311,2,57,0,5,11,23,0,0
201311,3,239,0,7,17,113,0,0
201311,4,167,0,8,17,50,0,0
201311,5,297,0,7,10,90,0,0
201311,6,63,0,1,8,8,0,0
201311,7,71,0,0,2,10,0,0
201311,8,98,1,3,15,25,0,0
201311,9,235,0,4,75,75,0,0
201311,10,139,0,2,14,23,0,0
201312,1,49,0,0,2,17,0,0
201312,2,71,2,6,15,26,0,0
201312,3,203,0,3,8,95,0,0
201312,4,172,0,9,19,39,0,0
201312,5,306,0,4,22,84,0,0
201312,6,42,0,2,2,11,0,0
201312,7,73,0,0,4,11,0,0
201312,8,82,0,3,11,24,0,0
201312,9,233,0,1,45,83,0,0
201312,10,113,0,1,11,23,0,0
201313,1,51,0,0,2,21,0,0
201313,2,74,0,10,15,22,0,0
201313,3,187,0,3,6,97,0,0
201313,4,126,0,9,10,36,0,0
201313,5,265,0,5,17,56,0,0
201313,6,65,0,1,2,7,0,0
201313,7,57,1,0,4,12,0,0
201313,8,59,0,2,2,15,0,0
201313,9,178,0,2,33,73,0,0
201313,10,107,0,1,6,22,0,0
201314,1,43,0,2,4,24,0,0
201314,2,55,0,6,5,24,0,0
201314,3,166,0,2,11,65,0,0
201314,4,152,0,6,11,48,0,0
201314,5,179,0,3,11,36,0,0
201314,6,36,0,0,3,0,0,0
201314,7,55,0,0,4,4,0,0
201314,8,59,0,1,4,16,0,0
201314,9,173,0,5,50,67,0,0
201314,10,93,0,1,3,10,0,0
201315,1,46,0,3,0,21,0,0
201315,2,47,0,7,6,12,0,0
201315,3,139,0,5,2,50,0,0
201315,4,99,0,12,3,18,0,0
201315,5,177,0,6,5,23,0,0
201315,6,52,0,2,1,1,0,0
201315,7,44,0,0,3,4,0,0
201315,8,38,0,2,3,5,0,0
201315,9,181,1,2,30,80,0,0
201315,10,59,0,1,3,6,0,0
201316,1,43,0,4,1,19,0,0
201316,2,27,0,5,1,9,0,0
201316,3,90,0,1,3,14,0,0
201316,4,93,0,2,1,14,0,0
201316,5,176,0,6,11,27,0,0
201316,6,36,0,2,0,2,0,0
201316,7,20,0,0,0,0,0,0
201316,8,36,0,1,4,11,0,0
201316,9,192,0,6,40,59,0,0
201316,10,93,0,1,1,14,0,0
201317,1,34,0,0,0,12,0,0
201317,2,24,0,5,3,4,0,0
201317,3,70,1,1,2,6,0,0
201317,4,61,0,0,0,6,0,0
201317,5,162,0,22,5,11,0,0
201317,6,23,0,1,0,1,0,0
201317,7,18,0,0,0,0,0,0
201317,8,13,0,0,0,3,0,0
201317,9,211,1,1,32,77,0,0
201317,10,79,0,1,11,7,0,0
201318,1,22,0,0,1,6,0,0
201318,2,23,0,4,5,4,0,0
201318,3,78,0,2,1,10,0,0
201318,4,62,0,0,2,5,0,0
201318,5,154,0,8,3,14,0,0
201318,6,37,0,0,2,1,0,0
201318,7,22,1,0,2,0,0,0
201318,8,34,0,1,0,4,0,0
201318,9,213,2,2,34,81,0,0
201318,10,61,0,0,1,8,0,0
201319,1,13,0,1,0,3,0,0
201319,2,19,0,5,3,4,0,0
201319,3,58,0,2,1,3,0,0
201319,4,39,0,1,0,5,0,0
201319,5,126,0,0,1,4,0,0
201319,6,24,0,0,0,0,0,0
201319,7,23,0,1,0,1,0,0
201319,8,23,0,0,1,3,0,0
201319,9,149,1,2,23,54,0,0
201319,10,55,0,0,4,12,0,0
201320,1,11,0,1,0,1,0,0
201320,2,15,0,5,3,2,0,0
201320,3,31,0,0,0,1,0,0
201320,4,32,0,3,0,0,0,0
201320,5,99,0,0,1,3,0,0
201320,6,19,0,0,0,0,0,0
201320,7,14,0,0,0,0,0,0
201320,8,3,0,1,0,0,0,0
201320,9,140,0,1,16,54,0,0
201320,10,63,0,0,2,9,0,0
201321,1,5,0,0,0,0,0,0
201321,2,21,0,5,5,0,0,0
201321,3,21,0,0,0,0,0,0
201321,4,142,0,4,2,2,0,0
201321,5,119,0,3,2,10,0,0
201321,6,15,0,0,0,0,0,0
201321,7,6,0,0,0,0,0,0
201321,8,16,0,0,0,1,0,0
201321,9,128,0,1,11,54,0,0
201321,10,55,0,0,0,2,0,0
201322,1,3,0,0,0,0,0,0
201322,2,19,0,5,3,3,0,0
201322,3,16,0,1,0,0,0,0
201322,4,51,0,5,1,0,0,0
201322,5,79,0,0,0,1,0,0
201322,6,11,0,0,0,1,0,0
201322,7,10,0,0,0,0,0,0
201322,8,17,0,0,0,0,0,0
201322,9,139,0,1,9,43,0,0
201322,10,33,0,0,0,1,0,0
201323,1,3,0,0,0,0,0,0
201323,2,15,0,9,1,3,0,0
201323,3,33,0,0,1,0,0,0
201323,4,30,0,1,0,1,0,0
201323,5,85,0,0,0,0,0,0
201323,6,11,0,0,0,0,0,0
201323,7,11,0,0,0,0,0,0
201323,8,3,0,0,0,0,0,0
201323,9,92,0,1,9,39,0,0
201323,10,57,0,0,0,2,0,0
201324,1,6,0,0,1,0,0,0
201324,2,22,0,14,2,0,0,0
201324,3,23,0,0,1,0,0,0
201324,4,29,0,4,2,0,0,0
201324,5,90,1,1,0,1,0,0
201324,6,11,0,0,0,0,0,0
201324,7,5,0,0,0,0,0,0
201324,8,9,0,0,0,0,0,0
201324,9,117,0,1,6,36,0,0
201324,10,41,0,0,0,1,0,0
201325,1,8,0,0,0,0,0,0
201325,2,27,0,22,0,1,0,0
201325,3,14,0,0,0,0,0,0
201325,4,29,1,3,0,0,0,0
201325,5,82,0,0,1,0,0,0
201325,6,12,0,0,0,0,0,0
201325,7,3,0,0,1,0,0,0
201325,8,16,0,0,0,0,0,0
201325,9,126,0,2,5,33,0,0
201325,10,35,0,0,5,0,0,0
201326,1,5,0,0,0,0,0,0
201326,2,34,0,28,0,0,0,0
201326,3,16,0,0,1,0,0,0
201326,4,26,0,1,1,0,0,0
201326,5,133,0,1,1,2,0,0
201326,6,14,0,0,0,0,0,0
201326,7,1,0,0,0,0,0,0
201326,8,3,0,0,0,0,0,0
201326,9,92,0,2,2,20,0,0
201326,10,32,0,1,0,0,0,0
201327,1,5,0,1,1,0,0,0
201327,2,10,0,8,0,2,0,0
201327,3,35,0,1,0,0,0,0
201327,4,29,0,2,0,0,0,0
201327,5,97,0,2,0,0,0,0
201327,6,11,0,0,1,0,0,0
201327,7,4,0,0,0,0,0,0
201327,8,4,0,0,1,0,0,0
201327,9,78,0,0,6,15,0,0
201327,10,28,0,3,1,0,0,0
201328,1,3,0,0,1,0,0,0
201328,2,18,0,11,1,0,0,0
201328,3,22,0,0,0,0,0,0
201328,4,28,0,1,2,0,0,0
201328,5,59,0,0,1,0,0,0
201328,6,11,0,0,1,0,0,0
201328,7,1,0,0,0,0,0,0
201328,8,5,0,1,1,0,0,0
201328,9,74,1,0,22,8,0,0
201328,10,37,0,7,1,1,0,0
201329,1,1,0,0,0,0,0,0
201329,2,16,0,12,0,0,0,0
201329,3,25,0,0,1,0,0,0
201329,4,18,0,0,1,0,0,0
201329,5,47,0,2,0,1,0,0
201329,6,19,0,0,0,0,0,0
201329,7,3,0,0,0,0,0,0
201329,8,5,0,0,0,0,0,0
201329,9,72,0,2,1,4,0,0
201329,10,39,0,4,1,0,0,0
201330,1,3,0,0,1,0,0,0
201330,2,11,0,4,0,1,0,0
201330,3,22,0,0,5,0,0,0
201330,4,41,0,6,1,0,0,0
201330,5,79,0,0,2,0,0,0
201330,6,10,0,2,0,0,0,0
201330,7,4,0,0,0,0,0,0
201330,8,3,0,0,0,0,0,0
201330,9,53,0,2,0,5,0,0
201330,10,40,0,5,2,0,0,0
201331,1,1,0,0,0,0,0,0
201331,2,15,0,12,0,0,0,0
201331,3,8,0,1,0,0,0,0
201331,4,25,1,2,1,0,0,0
201331,5,91,0,0,0,0,0,0
201331,6,24,0,2,8,0,0,0
201331,7,2,0,0,0,0,0,0
201331,8,3,0,0,0,0,0,0
201331,9,71,0,2,1,11,0,0
201331,10,44,0,4,1,0,0,0
201332,1,12,0,0,5,0,0,0
201332,2,20,0,11,0,0,0,0
201332,3,20,0,0,0,0,0,0
201332,4,24,1,8,0,0,0,0
201332,5,57,0,2,0,0,0,0
201332,6,29,0,0,3,0,0,0
201332,7,2,0,0,0,0,0,0
201332,8,6,0,3,1,1,0,0
201332,9,52,1,2,0,8,0,0
201332,10,28,0,2,1,0,0,0
201333,1,4,0,0,0,0,0,0
201333,2,8,0,3,0,0,0,0
201333,3,11,0,0,0,0,0,0
201333,4,17,0,5,0,0,0,0
201333,5,70,0,2,0,0,0,0
201333,6,21,0,2,0,0,0,0
201333,7,2,0,1,1,0,0,0
201333,8,3,0,0,0,0,0,0
201333,9,25,0,2,1,6,0,0
201333,10,28,0,1,0,0,0,0
201334,1,2,0,0,1,0,0,0
201334,2,6,0,3,0,0,0,0
201334,3,20,0,0,0,0,0,0
201334,4,22,0,5,0,0,0,0
201334,5,77,0,2,0,0,0,0
201334,6,21,0,0,0,0,0,0
201334,7,2,0,0,1,0,0,0
201334,8,5,0,0,1,0,0,0
201334,9,49,0,0,1,2,0,0
201334,10,23,0,1,0,0,0,0
201335,1,0,0,0,0,0,0,0
201335,2,13,0,9,1,0,0,0
201335,3,25,0,1,0,0,0,0
201335,4,35,0,15,0,0,0,0
201335,5,56,0,0,1,0,0,0
201335,6,36,1,14,0,0,0,0
201335,7,3,0,0,1,0,0,0
201335,8,3,0,0,0,0,0,0
201335,9,54,0,0,1,2,0,0
201335,10,36,0,1,0,0,0,0
201336,1,1,0,0,0,0,0,0
201336,2,15,0,8,1,0,0,0
201336,3,37,0,0,0,1,0,0
201336,4,22,0,5,0,0,0,0
201336,5,58,0,4,0,0,0,0
201336,6,38,0,6,1,0,0,0
201336,7,5,0,0,0,0,0,0
201336,8,6,0,0,1,0,0,0
201336,9,45,0,0,1,1,0,0
201336,10,48,0,1,1,1,0,0
201337,1,10,0,0,0,0,0,0
201337,2,33,0,27,0,0,0,0
201337,3,50,0,0,0,0,0,0
201337,4,41,0,11,1,1,0,0
201337,5,103,0,2,0,0,0,0
201337,6,51,0,5,0,0,0,0
201337,7,15,0,0,0,0,0,0
201337,8,11,0,2,0,0,0,0
201337,9,61,0,1,1,1,0,0
201337,10,48,0,0,5,0,0,0
201338,1,6,0,1,1,0,0,0
201338,2,25,0,15,2,0,0,0
201338,3,53,0,1,0,0,0,0
201338,4,54,0,13,0,0,0,0
201338,5,133,0,0,1,0,0,0
201338,6,30,0,1,1,0,0,0
201338,7,2,0,1,0,0,0,0
201338,8,15,0,2,0,0,0,0
201338,9,72,0,0,1,2,0,0
201338,10,49,1,1,0,0,0,0
201339,1,14,0,0,0,0,0,0
201339,2,39,0,25,2,0,0,0
201339,3,85,0,0,0,0,0,0
201339,4,70,0,21,0,1,0,0
201339,5,157,0,0,1,0,0,0
201339,6,29,0,1,0,1,0,0
201339,7,12,0,1,0,0,0,0
201339,8,18,0,3,1,1,0,0
201339,9,83,0,2,4,1,0,0
201339,10,55,0,0,1,0,0,0
201340,1,18,0,0,0,0,0,0
201340,2,34,0,6,1,2,0,0
201340,3,65,0,4,0,0,0,0
201340,4,118,0,44,1,2,0,0
201340,5,206,0,3,1,0,0,0
201340,6,53,0,2,1,0,0,0
201340,7,17,0,1,1,0,0,0
201340,8,25,0,1,0,1,0,0
201340,9,152,0,2,5,1,0,0
201340,10,58,0,0,0,0,0,0
201341,1,36,0,0,1,0,0,0
201341,2,33,0,4,1,0,0,0
201341,3,91,0,1,1,0,0,0
201341,4,88,1,35,0,1,0,0
201341,5,244,0,1,3,1,0,0
201341,6,90,0,3,3,0,0,0
201341,7,21,0,0,0,0,0,0
201341,8,41,0,2,0,0,0,0
201341,9,175,0,6,9,2,0,0
201341,10,70,0,1,2,0,0,0
201342,1,25,0,0,0,0,0,0
201342,2,41,0,6,0,0,0,0
201342,3,108,0,0,1,0,0,0
201342,4,99,1,16,0,0,0,0
201342,5,261,0,5,3,0,0,0
201342,6,87,0,3,3,0,0,0
201342,7,31,0,0,0,3,0,0
201342,8,52,0,3,2,2,0,0
201342,9,141,0,7,7,0,0,0
201342,10,81,0,8,0,0,0,0
201343,1,39,0,2,0,0,0,0
201343,2,50,0,4,0,0,0,0
201343,3,115,0,7,2,0,0,0
201343,4,131,0,29,0,0,0,0
201343,5,323,0,7,3,0,0,0
201343,6,81,0,8,3,0,0,0
201343,7,32,0,2,0,0,0,0
201343,8,43,0,3,2,0,0,0
201343,9,166,0,4,5,0,0,0
201343,10,80,0,4,2,0,0,0
201344,1,32,0,2,2,0,0,0
201344,2,47,0,1,2,0,0,0
201344,3,145,0,0,1,1,0,0
201344,4,123,1,33,0,0,0,0
201344,5,341,1,9,1,5,0,0
201344,6,69,0,5,1,1,0,0
201344,7,31,1,0,0,2,0,0
201344,8,81,0,17,6,1,0,0
201344,9,211,1,9,5,3,0,0
201344,10,85,0,4,4,1,0,0
201345,1,29,0,1,2,0,0,0
201345,2,42,0,6,0,0,0,0
201345,3,149,0,2,1,0,0,0
201345,4,169,0,36,0,0,0,0
201345,5,315,0,17,3,3,0,0
201345,6,118,0,29,1,0,0,0
201345,7,52,0,4,4,0,0,0
201345,8,84,0,21,5,3,0,0
201345,9,225,0,11,6,3,0,0
201345,10,121,0,9,1,1,0,0
201346,1,45,0,3,3,0,0,0
201346,2,51,0,13,0,1,0,0
201346,3,137,0,9,2,2,0,0
201346,4,166,1,41,0,0,0,0
201346,5,357,1,33,2,0,0,0
201346,6,148,0,43,1,0,0,0
201346,7,51,2,8,1,0,0,0
201346,8,113,1,62,1,0,0,0
201346,9,186,0,18,6,1,0,0
201346,10,110,0,6,1,0,0,0
201347,1,54,0,4,1,1,0,0
201347,2,68,0,17,1,2,0,0
201347,3,149,0,24,1,4,0,0
201347,4,218,0,59,1,0,0,0
201347,5,374,1,54,4,0,0,0
201347,6,194,0,51,1,2,0,0
201347,7,56,0,19,0,0,0,0
201347,8,167,0,96,0,0,0,0
201347,9,208,0,21,5,2,0,0
201347,10,124,0,21,1,0,0,0
201348,1,39,0,7,2,0,0,0
201348,2,62,0,11,3,1,0,0
201348,3,116,0,24,1,0,0,0
201348,4,121,0,42,1,1,0,0
201348,5,337,0,63,1,1,0,0
201348,6,87,1,32,1,1,0,0
201348,7,42,0,21,2,0,0,0
201348,8,176,0,127,2,0,0,0
201348,9,157,0,35,9,1,0,0
201348,10,110,0,21,2,0,0,0
201349,1,78,0,23,0,4,0,0
201349,2,82,0,18,2,1,0,0
201349,3,264,2,51,3,3,0,0
201349,4,336,0,127,2,3,0,0
201349,5,547,2,142,0,1,0,0
201349,6,260,1,116,3,1,0,0
201349,7,60,0,28,1,0,0,0
201349,8,265,0,197,2,0,0,0
201349,9,235,0,55,8,3,0,0
201349,10,169,0,66,5,0,0,0
201350,1,93,0,21,2,2,0,0
201350,2,128,0,55,6,3,0,0
201350,3,254,0,78,6,1,0,0
201350,4,302,0,109,0,0,0,0
201350,5,535,2,156,4,0,0,0
201350,6,362,2,163,6,1,0,0
201350,7,69,0,45,1,0,0,0
201350,8,294,0,197,3,0,0,0
201350,9,314,0,89,12,2,0,0
201350,10,272,1,137,9,2,0,0
201351,1,105,0,55,5,1,0,0
201351,2,111,0,66,2,2,0,0
201351,3,359,0,144,4,1,0,0
201351,4,350,2,176,0,0,0,0
201351,5,620,6,233,6,0,0,0
201351,6,476,4,218,7,1,0,0
201351,7,120,3,87,1,0,0,0
201351,8,285,0,186,2,2,0,0
201351,9,355,1,173,4,3,0,0
201351,10,338,0,238,8,1,0,0
201352,1,190,0,134,3,1,0,0
201352,2,223,2,128,4,2,0,0
201352,3,476,1,298,4,1,0,0
201352,4,325,1,166,0,1,0,0
201352,5,638,5,311,5,1,0,0
201352,6,184,1,116,1,2,0,0
201352,7,94,4,73,0,0,0,0
201352,8,404,0,306,6,1,0,0
201352,9,458,1,273,11,1,0,0
201352,10,405,1,307,4,0,0,0
201401,1,206,0,125,9,3,0,0
201401,2,233,1,122,1,1,0,0
201401,3,502,1,279,9,2,0,0
201401,4,446,1,159,2,0,0,0
201401,5,943,9,496,10,1,0,0
201401,6,299,1,188,6,2,0,0
201401,7,160,4,111,4,0,0,0
201401,8,450,0,312,7,0,0,0
201401,9,614,1,378,18,8,0,0
201401,10,368,1,272,10,2,0,0
201402,1,316,0,193,17,3,0,0
201402,2,260,2,135,2,0,0,0
201402,3,599,3,323,8,1,0,0
201402,4,543,1,212,1,0,0,0
201402,5,1160,7,582,12,0,0,0
201402,6,452,5,216,9,0,0,0
201402,7,163,3,118,2,0,0,0
201402,8,398,1,232,6,0,0,0
201402,9,804,5,462,24,11,0,0
201402,10,331,0,224,6,1,0,0
201403,1,405,1,230,18,2,0,0
201403,2,229,3,119,5,0,0,0
201403,3,671,2,377,7,1,0,0
201403,4,548,1,192,2,4,0,0
201403,5,1125,5,444,13,1,0,0
201403,6,440,2,200,5,4,0,0
201403,7,168,6,104,2,0,0,0
201403,8,351,0,190,4,4,0,0
201403,9,897,4,506,44,23,0,0
201403,10,334,1,186,3,2,0,0
201404,1,363,0,190,34,1,0,0
201404,2,249,3,137,6,3,0,0
201404,3,666,3,385,12,5,0,0
201404,4,480,3,136,1,5,0,0
201404,5,1001,27,376,8,8,0,0
201404,6,406,4,156,6,5,0,0
201404,7,134,2,73,2,0,0,0
201404,8,252,0,99,7,4,0,0
201404,9,865,5,431,37,39,0,0
201404,10,251,0,107,8,2,0,0
201405,1,336,1,166,14,4,0,0
201405,2,301,5,151,5,5,0,0
201405,3,536,1,285,10,4,0,0
201405,4,379,0,101,4,4,0,0
201405,5,823,23,258,6,4,0,0
201405,6,324,0,115,8,1,0,0
201405,7,118,2,53,1,2,0,0
201405,8,216,0,74,2,2,0,0
201405,9,631,5,223,29,27,0,0
201405,10,212,0,74,3,2,0,0
201406,1,317,1,120,28,2,0,0
201406,2,251,4,103,14,6,0,0
201406,3,584,2,333,14,8,0,0
201406,4,337,0,90,3,2,0,0
201406,5,711,2,193,10,4,0,0
201406,6,348,0,80,12,16,0,0
201406,7,83,0,27,1,4,0,0
201406,8,188,1,70,1,0,0,0
201406,9,529,1,190,32,41,0,0
201406,10,166,0,58,2,2,0,0
201407,1,273,1,105,16,4,0,0
201407,2,188,2,74,7,8,0,0
201407,3,451,1,222,8,9,0,0
201407,4,256,1,49,4,8,0,0
201407,5,599,7,141,6,3,0,0
201407,6,263,0,37,4,24,0,0
201407,7,70,0,18,3,1,0,0
201407,8,151,0,38,2,4,0,0
201407,9,458,2,145,30,42,0,0
201407,10,181,1,45,3,3,0,0
201408,1,250,0,78,19,2,0,0
201408,2,151,4,50,5,10,0,0
201408,3,435,0,191,14,18,0,0
201408,4,242,0,20,3,4,0,0
201408,5,571,5,115,3,14,0,0
201408,6,229,0,18,3,21,0,0
201408,7,51,1,13,3,2,0,0
201408,8,118,0,32,2,1,0,0
201408,9,347,3,121,15,38,0,0
201408,10,149,0,27,2,2,0,0
201409,1,195,0,47,25,5,0,0
201409,2,128,2,40,7,12,0,0
201409,3,334,1,123,5,9,0,0
201409,4,194,0,24,3,10,0,0
201409,5,520,6,86,6,9,0,0
201409,6,166,0,7,6,23,0,0
201409,7,48,0,8,4,0,0,0
201409,8,113,1,22,1,4,0,0
201409,9,384,4,96,17,44,0,0
201409,10,152,1,21,2,5,0,0
201410,1,154,0,24,25,6,0,0
201410,2,115,0,35,9,20,0,0
201410,3,289,0,89,6,17,0,0
201410,4,157,0,12,4,6,0,0
201410,5,502,1,55,4,16,0,0
201410,6,139,0,6,11,17,0,0
201410,7,33,0,8,1,4,0,0
201410,8,78,2,9,3,11,0,0
201410,9,314,3,70,23,36,0,0
201410,10,97,1,12,1,4,0,0
201411,1,155,0,28,34,11,0,0
201411,2,109,0,18,7,22,0,0
201411,3,307,1,72,17,18,0,0
201411,4,137,0,14,1,15,0,0
201411,5,389,0,47,6,10,0,0
201411,6,127,0,6,10,17,0,0
201411,7,37,1,10,3,4,0,0
201411,8,67,0,11,3,3,0,0
201411,9,336,3,62,30,39,0,0
201411,10,94,0,12,2,4,0,0
201412,1,168,0,16,60,19,0,0
201412,2,107,1,17,15,35,0,0
201412,3,257,1,49,18,45,0,0
201412,4,112,0,6,1,10,0,0
201412,5,361,2,32,6,13,0,0
201412,6,139,1,6,11,20,0,0
201412,7,22,0,2,1,0,0,0
201412,8,66,0,5,2,16,0,0
201412,9,268,5,25,20,45,0,0
201412,10,85,0,3,1,5,0,0
201413,1,175,0,16,59,24,0,0
201413,2,114,0,14,9,39,0,0
201413,3,275,1,29,19,58,0,0
201413,4,95,0,2,2,6,0,0
201413,5,327,1,24,11,15,0,0
201413,6,139,0,2,10,24,0,0
201413,7,25,1,1,5,3,0,0
201413,8,68,0,7,14,9,0,0
201413,9,235,3,19,17,26,0,0
201413,10,79,0,2,1,8,0,0
201414,1,179,0,5,57,39,0,0
201414,2,121,0,14,28,25,0,0
201414,3,270,0,22,34,63,0,0
201414,4,90,0,8,4,9,0,0
201414,5,316,1,22,11,25,0,0
201414,6,168,3,1,17,28,0,0
201414,7,25,0,1,2,3,0,0
201414,8,62,0,5,7,15,0,0
201414,9,214,0,10,12,43,0,0
201414,10,81,0,4,0,6,0,0
201415,1,175,0,4,63,43,0,0
201415,2,103,1,7,19,27,0,0
201415,3,240,0,9,29,82,0,0
201415,4,71,1,1,3,12,0,0
201415,5,263,0,11,7,30,0,0
201415,6,106,0,0,10,16,0,0
201415,7,18,0,1,1,5,0,0
201415,8,49,0,1,5,19,0,0
201415,9,236,1,6,4,58,0,0
201415,10,66,0,2,0,5,0,0
201416,1,140,0,2,42,25,0,0
201416,2,104,1,4,21,42,0,0
201416,3,213,0,1,31,47,0,0
201416,4,58,0,2,3,7,0,0
201416,5,263,2,3,13,29,0,0
201416,6,86,1,1,12,18,0,0
201416,7,17,0,0,1,4,0,0
201416,8,37,0,1,6,8,0,0
201416,9,213,0,2,20,49,0,0
201416,10,102,0,3,3,7,0,0
201417,1,158,0,1,38,42,0,0
201417,2,88,1,2,11,25,0,0
201417,3,192,2,4,35,52,0,0
201417,4,57,0,0,7,8,0,0
201417,5,271,1,14,17,33,0,0
201417,6,64,0,0,8,15,0,0
201417,7,6,0,2,0,1,0,0
201417,8,43,0,0,7,15,0,0
201417,9,158,1,1,8,39,0,0
201417,10,93,0,0,6,6,0,0
201418,1,125,0,1,29,28,0,0
201418,2,78,0,2,17,13,0,0
201418,3,138,4,2,20,29,0,0
201418,4,58,0,1,0,6,0,0
201418,5,256,0,1,16,30,0,0
201418,6,60,0,0,5,7,0,0
201418,7,11,0,0,1,1,0,0
201418,8,39,0,0,10,16,0,0
201418,9,191,1,2,11,58,0,0
201418,10,65,0,0,3,5,0,0
201419,1,91,0,0,7,18,0,0
201419,2,63,0,7,19,11,0,0
201419,3,105,2,0,14,19,0,0
201419,4,37,0,0,0,8,0,0
201419,5,238,2,0,8,27,0,0
201419,6,59,0,0,9,6,0,0
201419,7,19,0,0,5,1,0,0
201419,8,38,0,0,6,17,0,0
201419,9,195,0,0,11,58,0,0
201419,10,58,0,0,7,7,0,0
201420,1,61,0,0,4,14,0,0
201420,2,28,0,2,9,6,0,0
201420,3,113,5,0,17,15,0,0
201420,4,34,0,0,0,2,0,0
201420,5,208,1,1,9,19,0,0
201420,6,72,0,0,8,18,0,0
201420,7,8,0,0,1,2,0,0
201420,8,35,0,0,2,19,0,0
201420,9,254,1,3,31,62,0,0
201420,10,71,0,0,13,8,0,0
201421,1,52,0,0,3,7,0,0
201421,2,31,0,0,10,6,0,0
201421,3,84,0,0,4,2,0,0
201421,4,44,0,0,3,8,0,0
201421,5,180,1,0,16,14,0,0
201421,6,63,0,0,6,11,0,0
201421,7,5,0,0,2,1,0,0
201421,8,34,0,0,5,12,0,0
201421,9,185,2,0,24,52,0,0
201421,10,73,0,0,18,10,0,0
201422,1,35,0,0,0,4,0,0
201422,2,16,0,1,6,2,0,0
201422,3,51,1,0,4,3,0,0
201422,4,38,0,0,0,3,0,0
201422,5,168,1,0,8,15,0,0
201422,6,48,0,0,4,5,0,0
201422,7,4,0,0,0,2,0,0
201422,8,27,0,0,4,11,0,0
201422,9,250,0,0,51,66,0,0
201422,10,83,0,0,27,13,0,0
201423,1,14,0,0,1,0,0,0
201423,2,30,0,2,7,5,0,0
201423,3,43,0,0,2,0,0,0
201423,4,34,0,0,1,3,0,0
201423,5,133,0,1,2,3,0,0
201423,6,34,0,0,2,2,0,0
201423,7,3,0,0,0,0,0,0
201423,8,22,0,0,6,8,0,0
201423,9,165,0,0,38,47,0,0
201423,10,84,0,0,29,8,0,0
201424,1,14,0,0,0,1,0,0
201424,2,33,0,2,14,4,0,0
201424,3,33,0,0,2,0,0,0
201424,4,25,1,0,3,3,0,0
201424,5,102,0,1,1,1,0,0
201424,6,44,0,0,9,4,0,0
201424,7,3,0,0,2,0,0,0
201424,8,16,0,0,1,3,0,0
201424,9,187,1,0,44,41,0,0
201424,10,56,0,0,17,3,0,0
201425,1,13,0,0,0,0,0,0
201425,2,25,0,1,8,7,0,0
201425,3,32,0,0,1,0,0,0
201425,4,18,0,0,1,1,0,0
201425,5,84,0,0,3,2,0,0
201425,6,38,0,0,2,2,0,0
201425,7,2,0,0,1,0,0,0
201425,8,12,0,0,1,4,0,0
201425,9,181,1,1,30,33,0,0
201425,10,88,0,0,17,7,0,0
201426,1,6,0,0,0,1,0,0
201426,2,23,0,0,9,4,0,0
201426,3,30,0,0,0,0,0,0
201426,4,17,0,0,3,3,0,0
201426,5,71,0,0,1,0,0,0
201426,6,33,0,1,0,0,0,0
201426,7,22,0,0,0,0,0,0
201426,8,14,0,0,0,8,0,0
201426,9,181,0,0,17,35,0,0
201426,10,85,0,0,11,6,0,0
201427,1,6,0,0,0,0,0,0
201427,2,23,0,0,9,6,0,0
201427,3,26,0,0,1,0,0,0
201427,4,21,0,0,4,3,0,0
201427,5,57,0,0,2,0,0,0
201427,6,18,0,1,0,1,0,0
201427,7,23,0,0,0,0,0,0
201427,8,5,0,0,1,1,0,0
201427,9,148,0,1,24,17,0,0
201427,10,51,0,0,5,5,0,0
201428,1,2,0,0,0,0,0,0
201428,2,32,0,0,16,6,0,0
201428,3,26,0,0,0,1,0,0
201428,4,22,0,0,0,4,0,0
201428,5,62,0,0,4,0,0,0
201428,6,24,0,0,0,0,0,0
201428,7,6,0,0,0,0,0,0
201428,8,10,0,0,2,1,0,0
201428,9,135,1,1,18,17,0,0
201428,10,40,0,0,9,4,0,0
201429,1,13,0,0,0,0,0,0
201429,2,34,0,0,8,12,0,0
201429,3,23,0,0,0,0,0,0
201429,4,13,0,0,3,1,0,0
201429,5,77,0,0,2,0,0,0
201429,6,19,0,0,0,0,0,0
201429,7,11,0,0,2,0,0,0
201429,8,4,0,0,1,0,0,0
201429,9,142,0,0,14,17,0,0
201429,10,42,0,0,9,0,0,0
201430,1,15,0,0,1,0,0,0
201430,2,33,0,0,9,7,0,0
201430,3,11,0,0,0,0,0,0
201430,4,11,0,0,0,0,0,0
201430,5,68,0,1,1,0,0,0
201430,6,20,0,0,1,0,0,0
201430,7,14,0,0,0,0,0,0
201430,8,5,0,0,0,0,0,0
201430,9,135,1,1,22,10,0,0
201430,10,35,0,0,3,4,0,0
201431,1,9,0,0,0,0,0,0
201431,2,20,0,0,7,4,0,0
201431,3,22,0,0,0,0,0,0
201431,4,27,0,0,3,5,0,0
201431,5,71,0,0,1,1,0,0
201431,6,20,0,0,1,0,0,0
201431,7,5,0,0,0,0,0,0
201431,8,4,0,0,0,0,0,0
201431,9,131,0,1,31,12,0,0
201431,10,55,0,0,8,3,0,0
201432,1,4,0,0,1,0,0,0
201432,2,13,0,2,4,0,0,0
201432,3,42,0,0,0,1,0,0
201432,4,21,0,0,5,0,0,0
201432,5,60,2,2,4,0,0,0
201432,6,26,0,0,0,0,0,0
201432,7,2,0,0,0,0,0,0
201432,8,6,0,0,0,0,0,0
201432,9,158,0,0,26,10,0,0
201432,10,37,0,1,1,0,0,0
201433,1,2,0,0,1,0,0,0
201433,2,23,0,0,6,8,0,0
201433,3,15,0,0,0,0,0,0
201433,4,21,0,0,2,2,0,0
201433,5,60,0,0,7,0,0,0
201433,6,24,0,0,0,0,0,0
201433,7,2,0,0,0,0,0,0
201433,8,6,0,0,0,0,0,0
201433,9,179,0,0,31,5,0,0
201433,10,33,0,0,2,0,0,0
201434,1,2,0,0,0,0,0,0
201434,2,24,0,1,2,3,0,0
201434,3,29,0,0,0,0,0,0
201434,4,32,0,0,0,3,0,0
201434,5,74,0,0,0,1,0,0
201434,6,14,0,0,2,0,0,0
201434,7,11,0,0,0,0,0,0
201434,8,8,0,0,2,1,0,0
201434,9,158,0,1,37,10,0,0
201434,10,24,0,0,1,0,0,0
201435,1,10,0,0,3,0,0,0
201435,2,29,0,6,11,4,0,0
201435,3,25,0,0,2,0,0,0
201435,4,32,0,0,2,5,0,0
201435,5,77,0,0,2,2,0,0
201435,6,31,0,0,0,1,0,0
201435,8,13,0,0,1,0,0,0
201435,9,134,0,0,31,5,0,0
201435,10,49,0,0,8,0,0,0
201436,1,8,0,0,0,0,0,0
201436,2,21,0,2,3,4,0,0
201436,3,43,0,0,0,0,0,0
201436,4,39,0,1,0,7,0,0
201436,5,91,0,2,2,0,0,0
201436,6,53,0,0,0,1,0,0
201436,7,1,0,0,0,0,0,0
201436,8,8,0,0,0,0,0,0
201436,9,156,1,0,28,3,0,0
201436,10,50,0,2,8,2,0,0
201437,1,19,0,0,0,0,0,0
201437,2,22,0,1,2,0,0,0
201437,3,80,0,0,3,1,0,0
201437,4,60,0,0,2,7,0,0
201437,5,199,1,0,2,0,0,0
201437,6,37,0,0,2,3,0,0
201437,7,14,0,0,0,0,0,0
201437,8,47,0,0,0,0,0,0
201437,9,207,0,0,42,12,0,0
201437,10,60,0,0,12,1,0,0
201438,1,52,0,0,0,0,0,0
201438,2,35,0,2,6,1,0,0
201438,3,115,0,1,8,0,0,0
201438,4,73,0,0,2,2,0,0
201438,5,203,0,0,8,2,0,0
201438,6,56,0,0,6,1,0,0
201438,7,11,0,0,0,0,0,0
201438,8,45,0,0,1,0,0,0
201438,9,154,2,2,39,4,0,0
201438,10,47,0,0,6,0,0,0
201439,1,25,0,0,0,0,0,0
201439,2,43,0,0,17,5,0,0
201439,3,86,0,0,5,1,0,0
201439,4,67,0,0,3,8,0,0
201439,5,217,1,0,6,0,0,0
201439,6,43,0,0,4,0,0,0
201439,7,12,0,0,0,0,0,0
201439,8,41,0,0,2,1,0,0
201439,9,186,1,0,41,3,0,0
201439,10,49,0,0,5,0,0,0
201440,1,38,0,0,3,0,0,0
201440,2,59,0,1,12,2,0,0
201440,3,91,0,0,4,0,0,0
201440,4,96,0,0,9,9,0,0
201440,5,240,0,0,15,3,0,0
201440,6,74,0,0,7,2,0,0
201440,7,21,0,0,0,1,0,0
201440,8,45,0,0,6,4,0,0
201440,9,264,1,1,27,5,0,0
201440,10,61,0,0,7,1,0,0
201441,1,41,0,0,2,0,0,0
201441,2,68,0,3,19,2,0,0
201441,3,135,0,0,2,2,0,0
201441,4,136,0,0,16,10,0,0
201441,5,291,0,2,9,10,0,0
201441,6,94,0,0,8,4,0,0
201441,7,32,0,0,3,1,0,0
201441,8,43,0,0,7,0,0,0
201441,9,265,4,0,17,4,0,0
201441,10,118,0,0,28,1,0,0
201442,1,47,0,0,5,0,0,0
201442,2,61,0,1,29,3,0,0
201442,3,149,1,0,13,2,0,0
201442,4,191,0,0,44,7,0,0
201442,5,297,1,1,16,3,0,0
201442,6,110,0,1,17,6,0,0
201442,7,33,0,0,5,2,0,0
201442,8,43,0,0,4,2,0,0
201442,9,255,0,2,25,3,0,0
201442,10,129,0,0,45,0,0,0
201443,1,47,0,1,1,0,0,0
201443,2,77,0,1,22,2,0,0
201443,3,123,0,0,7,5,0,0
201443,4,167,0,1,26,4,0,0
201443,5,317,0,1,16,8,0,0
201443,6,170,0,0,27,1,0,0
201443,7,26,0,0,6,1,0,0
201443,8,43,0,0,7,4,0,0
201443,9,305,0,1,15,4,0,0
201443,10,166,0,0,64,0,0,0
201444,1,48,0,0,2,0,0,0
201444,2,87,0,3,15,1,0,0
201444,3,121,0,0,15,3,0,0
201444,4,160,0,0,36,10,0,0
201444,5,376,0,1,33,2,0,0
201444,6,167,2,0,43,4,0,0
201444,7,32,0,0,4,0,0,0
201444,8,63,0,0,14,2,0,0
201444,9,271,1,0,43,7,0,0
201444,10,170,0,0,54,0,0,0
201445,1,68,0,0,4,0,0,0
201445,2,88,0,2,16,4,0,0
201445,3,148,0,0,17,1,0,0
201445,4,203,1,1,70,5,0,0
201445,5,377,2,1,30,5,0,0
201445,6,242,2,0,94,8,0,0
201445,7,43,0,1,3,0,0,0
201445,8,87,0,0,42,0,0,0
201445,9,280,0,0,26,4,0,0
201445,10,271,0,1,133,2,0,0
201446,1,46,0,0,2,0,0,0
201446,2,88,0,8,18,5,0,0
201446,3,179,0,0,33,3,0,0
201446,4,189,2,0,63,3,0,0
201446,5,408,0,0,67,1,0,0
201446,6,246,5,0,118,5,0,0
201446,7,35,1,0,6,0,0,0
201446,8,89,1,0,54,0,0,0
201446,9,271,0,0,35,3,0,0
201446,10,244,0,0,125,1,0,0
201447,1,57,0,0,6,0,0,0
201447,2,94,0,5,33,2,0,0
201447,3,247,0,0,76,3,0,0
201447,4,168,1,0,80,8,0,0
201447,5,604,4,0,156,6,0,0
201447,6,397,9,0,175,12,0,0
201447,7,60,0,0,29,2,0,0
201447,8,149,0,0,107,4,0,0
201447,9,263,0,0,51,2,0,0
201447,10,251,0,0,89,2,0,0
201448,1,70,0,0,22,0,0,0
201448,2,66,0,1,25,3,0,0
201448,3,355,0,0,154,1,0,0
201448,4,272,0,0,134,11,0,0
201448,5,650,6,0,315,12,0,0
201448,6,243,1,0,143,5,0,0
201448,7,62,0,1,40,0,0,0
201448,8,204,0,1,156,4,0,0
201448,9,283,3,1,82,3,0,0
201448,10,213,0,1,80,5,0,0
201449,1,96,0,0,28,2,0,0
201449,2,110,0,4,47,3,0,0
201449,3,488,0,0,226,4,0,0
201449,4,367,0,0,222,10,0,0
201449,5,1174,3,0,671,15,0,0
201449,6,417,1,0,192,14,0,0
201449,7,131,0,2,89,4,0,0
201449,8,348,1,0,303,3,0,0
201449,9,419,2,1,162,7,0,0
201449,10,235,0,0,96,1,0,0
201450,1,141,1,0,60,1,0,0
201450,2,147,0,1,73,3,0,0
201450,3,645,3,1,371,5,0,0
201450,4,358,0,0,164,7,0,0
201450,5,1710,8,0,1087,20,0,0
201450,6,462,2,1,229,36,0,0
201450,7,243,4,2,171,8,0,0
201450,8,545,1,0,469,8,0,0
201450,9,495,4,0,207,8,0,0
201450,10,236,0,0,124,5,0,0
201451,1,204,0,0,102,2,0,0
201451,2,198,1,2,134,3,0,0
201451,3,745,3,0,503,7,0,0
201451,4,423,0,0,239,6,0,0
201451,5,1998,17,0,1243,33,0,0
201451,6,417,1,0,216,27,0,0
201451,7,214,3,0,149,6,0,0
201451,8,498,11,0,422,8,0,0
201451,9,669,2,0,305,8,0,0
201451,10,297,0,0,166,1,0,0
201452,1,298,1,1,155,0,0,0
201452,2,280,0,0,204,1,0,0
201452,3,912,1,0,640,6,0,0
201452,4,600,0,0,352,14,0,0
201452,5,1855,9,2,1129,17,0,0
201452,6,297,0,0,181,4,0,0
201452,7,155,0,0,103,8,0,0
201452,8,514,11,0,417,9,0,0
201452,9,772,3,0,496,26,0,0
201452,10,304,1,0,194,6,0,0
201453,1,305,0,0,158,3,0,0
201453,2,310,1,0,203,3,0,0
201453,3,977,0,0,668,9,0,0
201453,4,538,2,0,267,5,0,0
201453,5,1593,23,0,877,27,0,0
201453,6,347,1,0,207,7,0,0
201453,7,173,2,0,113,5,0,0
201453,8,474,4,0,353,15,0,0
201453,9,965,2,2,610,24,0,0
201453,10,256,0,0,150,4,0,0
201501,1,390,1,2,223,1,0,0
201501,2,295,0,0,142,3,0,0
201501,3,885,2,0,499,12,0,0
201501,4,560,0,0,218,6,0,0
201501,5,1460,7,0,693,13,0,0
201501,6,422,1,0,202,12,0,0
201501,7,174,1,2,111,8,0,0
201501,8,363,4,2,277,19,0,0
201501,9,1437,3,2,970,32,0,0
201501,10,311,5,0,164,7,0,0
201502,1,454,2,1,297,3,0,0
201502,2,229,0,1,119,2,0,0
201502,3,596,2,1,326,11,0,0
201502,4,417,2,0,160,12,0,0
201502,5,1156,6,0,422,18,0,0
201502,6,387,2,0,198,13,0,0
201502,7,123,1,0,70,9,0,0
201502,8,277,2,1,177,14,0,0
201502,9,1877,10,2,1268,52,0,0
201502,10,359,0,0,217,7,0,0
201503,1,462,0,0,345,9,0,0
201503,2,346,1,0,213,4,0,0
201503,3,574,1,0,308,10,0,0
201503,4,338,22,0,113,13,0,0
201503,5,963,5,0,318,22,0,0
201503,6,432,0,0,181,34,0,0
201503,7,110,0,0,44,8,0,0
201503,8,207,4,0,123,20,0,0
201503,9,1625,9,3,1023,51,0,0
201503,10,287,0,0,128,14,0,0
201504,1,426,2,1,281,14,0,0
201504,2,236,0,0,153,3,0,0
201504,3,483,0,0,253,9,0,0
201504,4,335,1,1,113,14,0,0
201504,5,925,2,1,271,34,0,0
201504,6,473,1,0,178,29,0,0
201504,7,88,0,0,36,17,0,0
201504,8,182,3,0,100,24,0,0
201504,9,1812,5,3,1116,66,0,0
201504,10,259,0,1,110,9,0,0
201505,1,395,0,0,264,4,0,0
201505,2,224,1,1,117,6,0,0
201505,3,463,1,0,180,15,0,0
201505,4,296,0,1,98,23,0,0
201505,5,808,0,0,202,29,0,0
201505,6,371,1,0,88,37,0,0
201505,7,57,0,0,16,14,0,0
201505,8,193,1,0,95,29,0,0
201505,9,1492,17,4,849,75,0,0
201505,10,220,1,1,100,7,0,0
201506,1,320,0,0,175,18,0,0
201506,2,170,0,0,76,12,0,0
201506,3,328,0,0,122,15,0,0
201506,4,265,3,0,54,26,0,0
201506,5,641,2,1,110,53,0,0
201506,6,285,2,0,53,38,0,0
201506,7,41,0,0,11,5,0,0
201506,8,146,1,0,63,19,0,0
201506,9,1294,12,0,561,72,0,0
201506,10,137,1,1,33,7,0,0
201507,1,270,0,0,133,15,0,0
201507,2,160,0,0,65,10,0,0
201507,3,272,2,0,74,21,0,0
201507,4,178,0,0,44,29,0,0
201507,5,553,0,0,70,57,0,0
201507,6,241,0,0,29,37,0,0
201507,7,35,0,0,5,11,0,0
201507,8,110,0,1,40,25,0,0
201507,9,880,5,3,393,56,0,0
201507,10,102,1,0,19,3,0,0
201508,1,208,0,1,88,11,0,0
201508,2,130,0,1,44,9,0,0
201508,3,243,1,0,52,17,0,0
201508,4,194,1,1,33,35,0,0
201508,5,600,3,1,68,84,0,0
201508,6,228,0,0,37,45,0,0
201508,7,41,0,0,4,15,0,0
201508,8,130,0,2,45,40,0,0
201508,9,788,3,7,298,68,0,0
201508,10,104,0,0,18,9,0,0
201509,1,144,1,0,73,20,0,0
201509,2,109,0,0,33,9,0,0
201509,3,219,0,0,45,21,0,0
201509,4,151,0,0,10,34,0,0
201509,5,569,0,0,57,107,0,0
201509,6,220,1,0,27,54,0,0
201509,7,55,0,0,5,30,0,0
201509,8,84,0,0,9,39,0,0
201509,9,726,9,1,277,61,0,0
201509,10,83,2,0,21,5,0,0
201510,1,125,0,1,51,15,0,0
201510,2,75,0,0,27,4,0,0
201510,3,163,0,0,19,22,0,0
201510,4,154,0,0,9,49,0,0
201510,5,536,1,1,37,127,0,0
201510,6,221,1,1,17,58,0,0
201510,7,42,0,0,3,21,0,0
201510,8,82,1,1,13,41,0,0
201510,9,585,5,2,146,67,0,0
201510,10,36,0,0,9,6,0,0
201511,1,107,0,0,32,30,0,0
201511,2,77,0,0,24,11,0,0
201511,3,155,0,0,18,31,0,0
201511,4,95,0,0,4,29,0,0
201511,5,526,0,0,41,120,0,0
201511,6,185,0,0,9,45,0,0
201511,7,50,0,0,3,25,0,0
201511,8,72,0,0,14,37,0,0
201511,9,503,6,1,103,74,0,0
201511,10,32,3,0,10,9,0,0
201512,1,133,0,2,35,45,0,0
201512,2,88,0,0,19,16,0,0
201512,3,159,0,1,11,38,0,0
201512,4,79,0,0,6,28,0,0
201512,5,429,0,0,26,83,0,0
201512,6,143,0,0,4,47,0,0
201512,7,24,0,0,3,10,0,0
201512,8,64,0,0,1,40,0,0
201512,9,353,1,1,71,59,0,0
201512,10,85,0,0,4,14,0,0
201513,1,90,0,0,23,35,0,0
201513,2,70,0,0,10,7,0,0
201513,3,147,0,1,7,32,0,0
201513,4,64,0,0,6,13,0,0
201513,5,409,3,0,17,107,0,0
201513,6,121,0,0,6,39,0,0
201513,7,31,0,0,0,14,0,0
201513,8,71,0,0,5,46,0,0
201513,9,298,1,1,42,55,0,0
201513,10,57,0,1,4,7,0,0
201514,1,99,0,0,13,30,0,0
201514,2,75,0,0,1,21,0,0
201514,3,160,0,2,8,53,0,0
201514,4,74,0,1,0,22,0,0
201514,5,401,0,1,8,103,0,0
201514,6,107,0,0,0,25,0,0
201514,7,37,0,0,0,10,0,0
201514,8,50,0,0,0,28,0,0
201514,9,311,1,2,26,49,0,0
201514,10,80,0,0,8,15,0,0
201515,1,99,0,0,6,34,0,0
201515,2,70,0,1,7,24,0,0
201515,3,110,0,2,0,32,0,0
201515,4,55,0,1,3,8,0,0
201515,5,357,0,0,6,68,0,0
201515,6,67,0,2,2,15,0,0
201515,7,18,0,0,0,5,0,0
201515,8,55,0,0,0,36,0,0
201515,9,282,2,3,24,49,0,0
201515,10,74,0,0,4,9,0,0
201516,1,66,0,0,6,20,0,0
201516,2,56,0,0,2,7,0,0
201516,3,89,0,0,0,18,0,0
201516,4,85,0,0,2,12,0,0
201516,5,311,1,0,2,42,0,0
201516,6,59,0,0,0,11,0,0
201516,7,6,0,0,0,2,0,0
201516,8,56,0,0,2,30,0,0
201516,9,270,0,2,22,39,0,0
201516,10,87,0,0,2,18,0,0
201517,1,33,0,0,0,8,0,0
201517,2,48,0,1,2,8,0,0
201517,3,86,0,0,0,15,0,0
201517,4,60,1,0,1,2,0,0
201517,5,294,0,0,4,41,0,0
201517,6,47,0,0,1,4,0,0
201517,7,13,0,0,0,5,0,0
201517,8,25,0,0,0,14,0,0
201517,9,259,2,0,6,41,0,0
201517,10,71,0,0,0,26,0,0
201518,1,22,0,0,0,8,0,0
201518,2,27,0,0,0,5,0,0
201518,3,58,0,0,1,9,0,0
201518,4,51,0,0,0,5,0,0
201518,5,202,0,0,1,31,0,0
201518,6,33,0,0,0,1,0,0
201518,7,8,0,0,0,1,0,0
201518,8,36,0,0,1,23,0,0
201518,9,254,0,1,2,57,0,0
201518,10,92,0,0,1,23,0,0
201519,1,11,0,1,0,1,0,0
201519,2,31,0,1,4,3,0,0
201519,3,52,0,0,0,5,0,0
201519,4,32,0,0,1,6,0,0
201519,5,215,0,0,1,22,0,0
201519,6,37,0,0,0,2,0,0
201519,7,8,0,0,0,0,0,0
201519,8,17,0,0,0,9,0,0
201519,9,216,1,0,5,38,0,0
201519,10,92,0,0,1,35,0,0
201520,1,13,0,0,0,2,0,0
201520,2,32,0,0,0,2,0,0
201520,3,43,0,0,0,2,0,0
201520,4,42,0,0,0,11,0,0
201520,5,167,0,1,2,15,0,0
201520,6,31,0,0,0,2,0,0
201520,7,3,0,0,0,0,0,0
201520,8,18,0,0,0,7,0,0
201520,9,209,0,0,14,35,0,0
201520,10,77,0,0,3,27,0,0
201521,1,7,0,0,0,0,0,0
201521,2,24,0,0,1,3,0,0
201521,3,29,0,0,1,3,0,0
201521,4,25,0,0,0,1,0,0
201521,5,145,0,0,2,3,0,0
201521,6,39,0,0,0,5,0,0
201521,7,7,0,0,0,0,0,0
201521,8,16,0,0,0,5,0,0
201521,9,186,1,0,11,33,0,0
201521,10,61,0,0,2,13,0,0
201522,1,4,0,0,0,0,0,0
201522,2,26,0,0,2,6,0,0
201522,3,19,0,0,0,1,0,0
201522,4,32,0,0,1,3,0,0
201522,5,154,0,0,1,9,0,0
201522,6,36,0,0,0,2,0,0
201522,7,9,0,0,0,0,0,0
201522,8,12,0,0,0,4,0,0
201522,9,178,0,0,2,20,0,0
201522,10,64,0,0,11,13,0,0
201523,1,3,0,0,1,0,0,0
201523,2,25,0,1,1,2,0,0
201523,3,24,0,0,0,0,0,0
201523,4,27,0,0,1,3,0,0
201523,5,133,1,0,2,3,0,0
201523,6,26,0,0,1,0,0,0
201523,7,4,0,0,0,0,0,0
201523,8,4,0,0,1,0,0,0
201523,9,228,0,0,6,45,0,0
201523,10,42,0,0,2,3,0,0
201524,1,6,0,0,0,0,0,0
201524,2,9,0,0,1,0,0,0
201524,3,19,0,0,3,0,0,0
201524,4,20,0,0,0,4,0,0
201524,5,92,0,0,3,0,0,0
201524,6,23,0,0,0,1,0,0
201524,7,3,0,0,0,0,0,0
201524,8,3,0,0,0,1,0,0
201524,9,201,1,0,7,27,0,0
201524,10,77,0,0,33,10,0,0
201525,1,3,0,0,0,0,0,0
201525,2,16,0,0,0,0,0,0
201525,3,19,0,0,0,0,0,0
201525,4,24,1,0,1,2,0,0
201525,5,92,0,0,0,0,0,0
201525,6,18,0,0,0,0,0,0
201525,7,3,0,0,0,0,0,0
201525,8,4,0,0,0,0,0,0
201525,9,221,1,0,13,17,0,0
201525,10,65,0,0,31,3,0,0
201526,1,7,0,0,0,1,0,0
201526,2,18,0,0,2,0,0,0
201526,3,23,0,0,1,0,0,0
201526,4,13,0,2,2,0,0,0
201526,5,97,0,0,2,0,0,0
201526,6,13,0,0,0,0,0,0
201526,7,9,0,0,0,0,0,0
201526,8,2,0,0,0,0,0,0
201526,9,140,6,0,12,7,0,0
201526,10,82,0,0,33,0,0,0
201527,1,3,0,0,0,0,0,0
201527,2,19,0,0,4,0,0,0
201527,3,19,0,0,0,0,0,0
201527,4,22,0,3,0,0,0,0
201527,5,96,0,1,1,0,0,0
201527,6,23,0,0,0,0,0,0
201527,7,2,0,0,0,0,0,0
201527,8,1,0,0,0,0,0,0
201527,9,180,2,0,11,11,0,0
201527,10,59,0,0,18,2,0,0
201528,1,4,0,0,1,0,0,0
201528,2,18,0,0,1,0,0,0
201528,3,18,0,0,2,0,0,0
201528,4,9,0,0,0,2,0,0
201528,5,66,0,2,1,1,0,0
201528,6,22,0,0,0,0,0,0
201528,7,1,0,0,1,0,0,0
201528,8,14,0,1,2,1,0,0
201528,9,138,2,0,9,9,0,0
201528,10,37,0,0,12,1,0,0
201529,1,8,0,0,0,0,0,0
201529,2,20,0,0,2,0,0,0
201529,3,41,0,0,0,0,0,0
201529,4,16,0,1,2,0,0,0
201529,5,61,0,0,1,0,0,0
201529,6,20,0,0,0,0,0,0
201529,7,3,0,0,2,0,0,0
201529,8,10,1,0,1,2,0,0
201529,9,141,1,1,7,5,0,0
201529,10,40,0,0,10,0,0,0
201530,1,3,0,0,0,0,0,0
201530,2,12,0,0,2,0,0,0
201530,3,14,0,0,0,0,0,0
201530,4,21,0,0,2,0,0,0
201530,5,78,0,0,2,0,0,0
201530,6,19,0,0,3,0,0,0
201530,7,19,0,0,17,0,0,0
201530,8,5,0,0,1,0,0,0
201530,9,164,0,0,7,1,0,0
201530,10,52,0,0,6,0,0,0
201531,1,9,0,0,2,0,0,0
201531,2,29,0,1,7,1,0,0
201531,3,19,0,0,0,0,0,0
201531,4,17,0,1,0,0,0,0
201531,5,58,0,1,8,1,0,0
201531,6,22,0,0,1,0,0,0
201531,7,8,1,0,0,0,0,0
201531,8,4,0,0,1,0,0,0
201531,9,161,0,1,13,8,0,0
201531,10,53,0,0,14,1,0,0
201532,1,1,0,0,0,0,0,0
201532,2,18,0,0,3,1,0,0
201532,3,21,0,0,0,0,0,0
201532,4,25,2,1,2,0,0,0
201532,5,53,0,0,2,0,0,0
201532,6,16,0,0,0,0,0,0
201532,7,5,0,0,0,0,0,0
201532,8,4,0,0,2,0,0,0
201532,9,171,1,0,6,6,0,0
201532,10,45,0,0,11,1,0,0
201533,1,1,0,0,0,0,0,0
201533,2,27,0,0,1,0,0,0
201533,3,23,0,1,0,0,0,0
201533,4,33,0,0,15,1,0,0
201533,5,73,0,0,5,1,0,0
201533,6,22,0,0,0,0,0,0
201533,7,4,1,0,0,1,0,0
201533,8,5,1,0,0,0,0,0
201533,9,141,0,0,7,0,0,0
201533,10,55,0,0,20,1,0,0
201534,1,4,0,1,1,0,0,0
201534,2,25,0,0,7,0,0,0
201534,3,19,0,0,0,0,0,0
201534,4,34,0,2,1,3,0,0
201534,5,84,0,0,4,0,0,0
201534,6,24,0,0,1,0,0,0
201534,7,6,0,0,0,0,0,0
201534,8,7,0,0,0,1,0,0
201534,9,174,1,0,13,3,0,0
201534,10,43,0,0,9,1,0,0
201535,1,12,0,0,1,0,0,0
201535,2,27,0,0,6,0,0,0
201535,3,26,0,0,0,1,0,0
201535,4,61,0,1,2,0,0,0
201535,5,117,0,0,19,0,0,0
201535,6,30,0,0,2,0,0,0
201535,7,9,0,0,2,0,0,0
201535,8,5,0,1,0,0,0,0
201535,9,203,1,1,11,10,0,0
201535,10,47,0,0,15,0,0,0
201536,1,9,0,0,2,0,0,0
201536,2,29,0,0,6,0,0,0
201536,3,25,0,0,0,0,0,0
201536,4,38,1,0,3,2,0,0
201536,5,103,0,1,4,0,0,0
201536,6,27,0,0,3,0,0,0
201536,7,12,0,0,2,0,0,0
201536,8,9,0,0,5,2,0,0
201536,9,196,1,0,14,12,0,0
201536,10,86,0,0,25,0,0,0
201537,1,6,0,0,1,0,0,0
201537,2,26,0,0,2,0,0,0
201537,3,63,0,0,1,1,0,0
201537,4,59,0,0,8,0,0,0
201537,5,168,0,2,14,0,0,0
201537,6,45,0,0,1,0,0,0
201537,7,9,0,0,1,0,0,0
201537,8,28,0,0,15,0,0,0
201537,9,226,1,2,17,15,0,0
201537,10,108,0,0,23,6,0,0
201538,1,22,0,0,1,0,0,0
201538,2,32,0,1,5,0,0,0
201538,3,90,0,0,2,0,0,0
201538,4,53,0,0,1,1,0,0
201538,5,193,0,0,10,0,0,0
201538,6,59,0,0,0,0,0,0
201538,7,10,0,0,0,0,0,0
201538,8,27,0,0,4,0,0,0
201538,9,226,4,0,21,13,0,0
201538,10,76,0,0,9,0,0,0
201539,1,17,0,0,1,0,0,0
201539,2,50,0,0,5,0,0,0
201539,3,115,1,0,7,0,0,0
201539,4,75,0,0,5,2,0,0
201539,5,281,1,1,1,5,0,0
201539,6,51,0,0,4,0,0,0
201539,7,21,0,0,0,1,0,0
201539,8,63,0,0,1,4,0,0
201539,9,239,2,2,38,14,0,0
201539,10,79,0,0,4,0,0,0
201540,1,39,0,0,5,0,0,0
201540,2,56,0,1,4,1,0,0
201540,3,132,0,1,3,0,0,0
201540,4,83,0,0,5,1,0,0
201540,5,218,0,2,7,0,0,1
201540,6,97,0,0,2,0,0,0
201540,7,36,0,0,2,0,0,0
201540,8,71,0,0,2,0,0,0
201540,9,273,2,0,22,8,0,0
201540,10,134,0,0,13,0,0,0
201541,1,39,0,2,3,0,0,0
201541,2,73,0,0,5,1,0,0
201541,3,163,0,1,0,0,0,0
201541,4,104,0,0,1,2,0,0
201541,5,249,0,2,4,0,0,0
201541,6,106,0,0,6,1,1,0
201541,7,34,0,0,2,0,0,0
201541,8,58,1,0,3,0,1,0
201541,9,220,1,0,7,3,1,0
201541,10,106,0,0,10,0,0,0
201542,1,27,0,0,3,0,0,0
201542,2,75,0,4,0,0,0,0
201542,3,168,0,1,4,0,0,0
201542,4,135,0,1,4,2,0,0
201542,5,248,0,3,3,0,0,0
201542,6,124,0,0,1,0,0,0
201542,7,44,0,0,9,0,0,0
201542,8,44,0,0,1,0,0,0
201542,9,215,1,1,16,6,1,0
201542,10,118,0,0,9,0,2,2
201543,1,35,0,0,1,0,0,0
201543,2,92,0,1,2,1,0,0
201543,3,171,0,2,2,0,0,3
201543,4,131,1,0,5,1,0,0
201543,5,293,3,5,2,0,0,0
201543,6,123,0,0,1,3,0,0
201543,7,53,0,0,5,0,1,1
201543,8,59,0,0,0,0,0,0
201543,9,191,0,1,11,4,0,0
201543,10,96,0,0,2,0,0,0
201544,1,47,0,0,0,0,0,0
201544,2,98,0,1,3,0,0,0
201544,3,187,0,0,2,0,0,1
201544,4,170,0,0,3,0,0,0
201544,5,393,3,0,1,1,0,1
201544,6,141,0,0,1,2,0,1
201544,7,43,0,1,3,0,0,0
201544,8,53,0,0,1,0,1,0
201544,9,248,1,1,6,5,0,1
201544,10,85,0,1,3,1,0,0
201545,1,41,0,1,2,0,1,0
201545,2,72,0,0,3,1,0,0
201545,3,153,0,0,2,1,0,0
201545,4,166,1,2,3,5,0,0
201545,5,368,0,3,1,0,1,1
201545,6,120,0,1,3,1,0,1
201545,7,33,0,0,0,1,0,0
201545,8,63,0,2,1,0,0,0
201545,9,283,0,2,15,1,2,0
201545,10,94,0,0,4,0,0,0
201546,1,34,0,1,0,0,0,0
201546,2,121,0,4,16,0,0,0
201546,3,209,0,0,1,0,0,0
201546,4,178,0,0,4,2,0,0
201546,5,374,1,7,2,0,0,0
201546,6,113,0,0,0,0,0,0
201546,7,30,0,0,0,0,0,0
201546,8,57,0,1,4,0,0,1
201546,9,258,0,4,11,1,0,3
201546,10,84,0,0,4,1,0,0
201547,1,28,0,1,0,0,0,0
201547,2,89,0,2,6,0,0,0
201547,3,184,0,4,1,0,0,3
201547,4,116,0,0,0,3,0,0
201547,5,281,0,3,1,0,0,0
201547,6,55,0,0,1,0,0,0
201547,7,28,0,0,0,0,0,0
201547,8,59,0,2,1,0,1,0
201547,9,237,0,4,10,1,2,3
201547,10,80,0,1,4,0,0,3
201548,1,47,0,3,1,1,0,0
201548,2,86,1,4,11,0,0,0
201548,3,229,0,2,2,0,1,4
201548,4,149,0,1,0,3,0,1
201548,5,374,0,4,4,0,0,0
201548,6,127,0,1,1,1,0,0
201548,7,35,0,0,1,0,0,0
201548,8,63,0,4,2,1,0,0
201548,9,346,2,7,8,2,2,6
201548,10,94,0,1,6,1,0,1
201549,1,26,0,1,0,0,0,0
201549,2,74,0,0,6,0,0,0
201549,3,215,0,2,0,0,0,1
201549,4,176,2,0,1,9,1,0
201549,5,369,0,9,1,1,0,4
201549,6,109,0,1,4,0,0,1
201549,7,32,0,0,0,0,0,0
201549,8,67,0,5,5,0,0,1
201549,9,342,1,17,15,0,0,3
201549,10,108,0,3,5,1,1,1
201550,1,36,0,2,1,0,0,0
201550,2,83,0,4,15,1,0,0
201550,3,237,0,1,0,0,1,2
201550,4,154,0,7,0,4,0,0
201550,5,351,0,18,6,0,0,2
201550,6,105,0,0,3,0,1,0
201550,7,50,0,1,0,0,0,0
201550,8,70,0,14,3,0,0,4
201550,9,292,0,15,10,3,2,11
201550,10,97,0,7,1,2,0,0
201551,1,43,0,2,3,0,0,0
201551,2,77,1,7,10,0,2,0
201551,3,192,0,15,3,0,0,1
201551,4,96,0,2,1,5,0,0
201551,5,325,0,12,1,0,0,1
201551,6,59,0,1,2,1,0,1
201551,7,18,0,2,0,0,0,0
201551,8,88,0,15,4,0,0,12
201551,9,258,0,25,9,3,1,10
201551,10,89,0,8,0,3,0,3
201552,1,32,0,1,1,0,0,0
201552,2,84,0,16,4,0,0,1
201552,3,226,0,5,4,0,1,2
201552,4,129,0,2,1,2,0,0
201552,5,353,0,16,1,0,0,3
201552,6,54,0,3,0,1,0,1
201552,7,31,0,3,1,0,1,0
201552,8,93,0,33,2,0,1,7
201552,9,374,1,62,37,9,1,14
201552,10,109,0,5,5,1,5,7
201601,1,60,0,3,3,1,0,1
201601,2,83,0,18,2,1,1,1
201601,3,269,0,3,1,1,0,1
201601,4,186,0,16,2,1,1,0
201601,5,329,0,23,0,0,0,2
201601,6,106,0,2,3,1,0,1
201601,7,43,0,2,0,0,0,0
201601,8,109,0,32,3,0,1,17
201601,9,544,0,121,52,5,7,23
201601,10,112,2,12,2,4,2,6
201602,1,45,0,7,2,3,0,1
201602,2,98,0,26,4,2,5,0
201602,3,212,0,9,3,0,0,2
201602,4,195,1,18,12,13,0,0
201602,5,296,1,24,3,0,0,3
201602,6,97,0,8,3,4,0,1
201602,7,41,0,8,2,0,0,0
201602,8,81,0,27,3,1,2,14
201602,9,548,1,108,53,18,10,29
201602,10,135,2,21,4,6,6,10
201603,1,63,0,13,2,2,1,0
201603,2,103,0,29,3,0,1,1
201603,3,195,0,17,3,1,1,0
201603,4,153,1,24,8,10,3,0
201603,5,392,4,58,14,0,1,4
201603,6,110,0,11,6,1,0,1
201603,7,53,0,4,2,1,2,2
201603,8,126,0,40,1,2,2,22
201603,9,582,7,139,57,19,14,31
201603,10,169,1,26,4,9,0,22
201604,1,88,0,20,1,5,0,0
201604,2,118,0,24,5,5,0,1
201604,3,256,4,15,2,4,2,9
201604,4,240,1,46,16,14,1,0
201604,5,482,7,102,28,0,1,6
201604,6,169,0,12,11,1,2,1
201604,7,67,0,17,2,0,0,1
201604,8,180,0,71,6,4,3,27
201604,9,730,3,168,88,45,16,43
201604,10,238,0,51,1,19,3,16
201605,1,129,0,50,5,5,3,1
201605,2,147,1,35,8,1,5,2
201605,3,272,2,34,3,2,5,2
201605,4,260,3,50,16,21,3,3
201605,5,482,3,103,14,0,4,3
201605,6,169,0,14,14,7,3,7
201605,7,82,0,39,1,0,1,4
201605,8,239,0,113,4,4,4,37
201605,9,733,4,188,102,49,29,55
201605,10,214,0,46,4,9,5,29
201606,1,160,0,51,4,4,11,4
201606,2,176,2,43,13,6,8,4
201606,3,287,4,62,0,5,3,4
201606,4,323,2,83,17,17,2,3
201606,5,518,2,160,15,2,2,10
201606,6,164,1,29,25,18,2,3
201606,7,81,0,39,2,0,0,3
201606,8,221,0,124,6,2,4,37
201606,9,1029,5,247,152,84,35,97
201606,10,243,1,53,2,23,4,41
201607,1,168,0,84,11,10,4,1
201607,2,215,2,89,5,3,12,5
201607,3,385,1,159,7,5,6,12
201607,4,364,1,130,21,21,4,3
201607,5,647,2,251,14,0,2,7
201607,6,248,9,44,31,12,9,6
201607,7,85,1,29,6,0,4,14
201607,8,346,0,194,12,4,8,48
201607,9,1146,3,297,147,103,49,176
201607,10,294,0,63,2,21,5,37
201608,1,219,0,113,3,12,6,2
201608,2,290,2,151,7,4,9,4
201608,3,615,4,303,12,17,28,29
201608,4,347,2,125,18,25,9,4
201608,5,732,12,303,15,0,11,22
201608,6,309,1,71,36,27,10,8
201608,7,126,0,47,3,2,5,19
201608,8,390,1,220,21,4,7,54
201608,9,1162,4,248,115,99,59,189
201608,10,361,2,91,2,25,12,52
201609,1,257,0,135,4,20,9,6
201609,2,270,4,131,6,6,11,7
201609,3,666,7,374,12,7,18,28
201609,4,352,2,143,20,21,10,8
201609,5,812,10,386,15,4,20,28
201609,6,345,4,93,31,26,8,11
201609,7,106,2,52,3,1,2,14
201609,8,458,2,241,56,2,16,51
201609,9,1067,1,241,156,90,46,148
201609,10,354,0,90,10,34,3,46
201610,1,398,3,244,16,24,10,4
201610,2,313,2,182,9,6,11,8
201610,3,777,10,453,24,15,40,51
201610,4,429,5,179,28,37,8,8
201610,5,907,14,414,29,8,27,33
201610,6,350,2,73,34,45,8,9
201610,7,144,5,72,2,2,3,13
201610,8,439,0,196,68,8,16,56
201610,9,932,5,226,90,52,33,110
201610,10,406,1,134,13,49,6,41
201611,1,306,1,198,10,10,8,3
201611,2,307,3,143,8,2,28,13
201611,3,636,1,294,10,17,24,39
201611,4,367,2,119,9,26,9,7
201611,5,645,6,262,19,6,25,29
201611,6,294,1,51,41,26,9,10
201611,7,71,0,33,1,1,4,7
201611,8,308,1,135,35,10,7,34
201611,9,825,7,175,74,50,34,103
201611,10,352,2,104,6,37,6,33
201612,1,288,0,139,5,31,5,6
201612,2,270,2,123,6,10,14,11
201612,3,489,4,196,8,13,30,38
201612,4,289,2,73,13,14,5,5
201612,5,470,3,130,14,0,10,23
201612,6,249,2,36,33,17,11,19
201612,7,82,2,39,3,1,2,5
201612,8,227,0,86,46,8,9,20
201612,9,667,4,135,62,37,26,62
201612,10,326,0,101,8,54,5,18
201613,1,270,1,102,5,55,10,8
201613,2,244,6,96,8,12,15,15
201613,3,379,0,129,2,16,25,29
201613,4,279,5,58,9,22,9,6
201613,5,455,10,125,9,0,14,20
201613,6,261,1,36,37,16,18,17
201613,7,68,1,24,3,2,2,2
201613,8,231,2,75,33,9,13,37
201613,9,605,7,97,59,27,17,61
201613,10,279,0,65,15,49,4,16
201614,1,174,0,58,1,30,6,7
201614,2,187,2,55,7,17,14,8
201614,3,268,5,65,5,13,16,18
201614,4,206,18,35,12,17,4,2
201614,5,401,3,94,14,3,15,16
201614,6,188,1,14,18,10,12,16
201614,7,64,1,20,4,1,3,7
201614,8,151,0,45,20,5,9,31
201614,9,491,2,81,34,33,26,50
201614,10,273,1,67,20,44,1,8
201615,1,146,1,38,7,32,7,3
201615,2,138,0,26,12,9,14,12
201615,3,278,1,61,3,14,25,32
201615,4,204,5,30,10,11,8,10
201615,5,354,4,60,10,4,8,26
201615,6,150,1,16,13,18,4,6
201615,7,49,1,15,4,1,3,1
201615,8,114,0,37,15,0,5,22
201615,9,433,3,50,30,25,12,37
201615,10,224,0,50,13,34,2,13
201616,1,133,0,26,13,25,3,1
201616,2,149,5,23,9,27,12,10
201616,3,269,1,44,11,23,26,37
201616,4,179,4,29,7,27,6,9
201616,5,270,2,39,6,2,12,24
201616,6,145,0,16,14,14,7,7
201616,7,49,1,11,2,0,2,10
201616,8,90,1,17,13,3,6,20
201616,9,368,1,35,32,17,11,39
201616,10,164,1,36,20,20,1,6
201617,1,93,0,20,13,11,3,3
201617,2,106,0,11,17,9,7,15
201617,3,228,0,26,4,21,24,22
201617,4,145,2,18,6,15,8,5
201617,5,231,0,20,13,1,16,14
201617,6,127,0,4,9,8,1,10
201617,7,32,1,6,1,0,3,3
201617,8,74,0,11,6,2,4,17
201617,9,287,2,26,20,9,10,26
201617,10,168,0,25,9,18,2,4
201618,1,42,0,8,10,5,1,5
201618,2,81,1,1,5,19,13,2
201618,3,178,0,11,6,6,14,22
201618,4,129,0,10,9,16,3,6
201618,5,197,1,5,6,1,5,10
201618,6,96,0,0,4,5,1,7
201618,7,22,0,5,0,0,2,1
201618,8,57,0,6,6,2,3,10
201618,9,213,0,16,11,8,9,17
201618,10,110,0,15,2,18,2,2
201619,1,17,0,2,3,2,0,1
201619,2,55,0,3,2,8,2,7
201619,3,141,0,3,0,8,16,9
201619,4,136,2,9,29,9,2,3
201619,5,161,0,4,6,0,9,6
201619,6,92,0,2,2,8,1,5
201619,7,19,0,4,3,0,0,3
201619,8,46,0,3,6,0,1,11
201619,9,236,0,17,7,9,4,26
201619,10,116,0,6,4,9,1,0
201620,1,18,0,3,4,3,0,1
201620,2,52,0,3,4,4,2,14
201620,3,100,0,3,0,5,5,7
201620,4,118,2,3,32,7,1,0
201620,5,138,1,6,1,1,2,8
201620,6,71,0,2,11,7,2,2
201620,7,11,0,1,0,0,0,0
201620,8,30,0,2,2,0,1,8
201620,9,192,1,10,22,11,1,10
201620,10,86,0,2,1,6,0,0
201621,1,15,0,2,1,1,0,0
201621,2,47,0,0,5,4,6,9
201621,3,62,0,0,1,2,3,3
201621,4,70,1,0,17,13,2,0
201621,5,110,1,1,2,0,4,2
201621,6,58,0,0,5,7,1,1
201621,7,4,0,0,0,0,0,0
201621,8,34,0,3,4,0,2,5
201621,9,157,0,7,9,1,4,12
201621,10,82,0,3,0,2,0,0
201622,1,4,0,1,0,0,0,0
201622,2,36,0,1,3,4,5,10
201622,3,66,0,0,1,3,3,7
201622,4,67,1,1,2,11,0,2
201622,5,68,0,0,1,0,2,0
201622,6,33,0,1,0,2,0,2
201622,7,4,0,0,1,1,0,0
201622,8,9,0,0,0,0,0,1
201622,9,147,0,0,5,1,3,13
201622,10,48,0,0,0,2,1,0
201623,1,2,0,0,0,0,0,0
201623,2,35,0,0,3,0,1,11
201623,3,30,0,0,0,0,1,0
201623,4,57,0,0,1,8,0,1
201623,5,81,1,0,0,0,2,0
201623,6,32,0,0,1,4,0,0
201623,7,4,0,0,0,0,0,0
201623,8,15,0,0,0,0,1,1
201623,9,149,0,5,8,1,1,4
201623,10,59,0,0,2,1,0,0
201624,1,0,0,0,0,0,0,0
201624,2,33,0,1,5,1,4,5
201624,3,38,0,0,0,0,0,0
201624,4,54,0,0,4,3,0,0
201624,5,64,0,0,0,0,0,1
201624,6,34,0,0,1,2,0,0
201624,7,3,0,0,0,0,1,0
201624,8,8,0,0,0,0,0,1
201624,9,159,0,5,6,0,1,3
201624,10,31,0,1,2,0,0,0
201625,1,0,0,0,0,0,0,0
201625,2,35,0,0,10,0,4,5
201625,3,29,0,0,0,0,2,0
201625,4,44,0,1,0,8,0,0
201625,5,59,0,2,1,0,1,1
201625,6,23,0,0,2,1,0,1
201625,7,3,0,1,0,0,0,0
201625,8,3,0,0,0,0,0,0
201625,9,90,0,1,7,1,2,4
201625,10,34,0,0,2,0,0,0
201626,1,10,0,1,0,0,0,0
201626,2,26,0,0,4,0,5,8
201626,3,31,0,1,0,0,0,0
201626,4,43,1,0,0,4,0,0
201626,5,50,1,0,0,0,1,0
201626,6,25,1,0,1,0,0,0
201626,7,1,0,0,1,0,0,0
201626,8,8,0,0,1,0,0,0
201626,9,88,0,1,7,0,0,1
201626,10,43,0,0,4,0,0,0
201627,1,3,0,0,0,0,0,0
201627,2,23,0,2,3,0,4,7
201627,3,16,0,0,0,0,0,0
201627,4,17,0,0,3,4,0,0
201627,5,44,0,0,1,0,0,0
201627,6,31,0,0,0,1,0,0
201627,7,4,0,0,1,0,0,0
201627,8,2,0,0,1,0,0,0
201627,9,88,0,0,9,0,1,2
201627,10,43,0,0,0,0,0,0
201628,1,0,0,0,0,0,0,0
201628,2,25,0,0,5,0,0,6
201628,3,14,0,0,0,0,0,0
201628,4,36,0,1,3,2,2,0
201628,5,55,0,0,2,0,0,1
201628,6,24,0,0,0,0,0,0
201628,7,8,0,0,3,0,0,0
201628,8,14,0,0,2,1,0,0
201628,9,68,1,0,4,0,0,4
201628,10,47,0,0,2,0,0,0
201629,1,0,0,0,0,0,0,0
201629,2,31,0,0,10,1,0,6
201629,3,16,0,0,0,0,0,0
201629,4,35,0,1,0,2,0,0
201629,5,56,0,1,0,0,0,0
201629,6,32,0,0,1,0,0,0
201629,7,6,0,0,1,0,0,0
201629,8,5,0,0,0,0,0,0
201629,9,66,1,0,6,0,0,4
201629,10,50,0,0,0,1,0,0
201630,1,2,0,0,0,0,0,0
201630,2,48,0,0,24,0,1,8
201630,3,17,0,0,0,0,0,0
201630,4,40,0,1,0,1,0,0
201630,5,62,0,1,2,0,1,1
201630,6,16,0,0,0,0,0,0
201630,7,3,0,0,0,0,0,0
201630,8,2,0,0,0,0,0,0
201630,9,77,0,0,10,0,0,1
201630,10,31,0,0,2,1,0,0
201631,1,0,0,0,0,0,0,0
201631,2,71,2,0,35,0,1,3
201631,3,22,0,0,0,0,0,0
201631,4,39,0,0,0,0,0,0
201631,5,72,0,0,2,0,0,0
201631,6,23,0,0,0,0,0,0
201631,7,6,0,0,1,0,0,0
201631,8,2,0,0,1,0,0,0
201631,9,88,0,1,6,0,0,1
201631,10,28,0,0,0,0,0,0
201632,1,2,0,0,0,0,0,0
201632,2,35,0,0,7,0,0,6
201632,3,19,0,0,0,0,0,1
201632,4,32,0,2,2,0,0,0
201632,5,91,0,0,5,0,0,0
201632,6,23,0,0,1,0,0,0
201632,7,1,0,0,1,0,0,0
201632,8,10,0,2,1,0,1,1
201632,9,93,0,2,8,1,2,4
201632,10,45,0,0,3,0,0,0
201633,1,3,0,0,0,0,0,0
201633,2,45,0,0,4,0,0,3
201633,3,18,0,0,1,0,0,0
201633,4,37,0,1,1,1,0,0
201633,5,91,0,0,12,0,0,0
201633,6,28,0,0,0,1,0,0
201633,7,6,0,0,1,0,0,0
201633,8,3,0,0,1,0,0,0
201633,9,82,0,0,6,1,0,4
201633,10,63,0,0,3,0,1,0
201634,1,1,0,0,0,0,0,0
201634,2,26,0,0,6,0,1,6
201634,3,21,0,0,0,0,0,0
201634,4,60,0,2,8,2,0,0
201634,5,65,0,0,4,0,1,0
201634,6,32,0,0,2,0,0,0
201634,7,6,0,0,0,0,0,0
201634,8,4,0,0,1,0,0,0
201634,9,85,0,2,6,0,0,0
201634,10,64,0,1,1,0,0,0
201635,1,12,0,1,2,0,0,0
201635,2,26,0,0,3,0,2,1
201635,3,27,0,0,1,0,0,0
201635,4,74,0,4,2,5,0,0
201635,5,62,0,0,4,0,1,0
201635,6,29,0,0,6,0,1,0
201635,7,6,0,0,2,0,0,0
201635,8,10,0,0,1,0,0,0
201635,9,93,0,2,7,0,0,1
201635,10,69,0,0,5,0,0,0
201636,1,9,0,0,4,0,0,0
201636,2,22,0,0,1,0,0,1
201636,3,27,0,0,3,0,0,0
201636,4,53,0,1,5,6,1,0
201636,5,74,0,1,4,0,0,0
201636,6,27,0,0,6,0,0,0
201636,7,9,0,0,2,0,0,0
201636,8,4,0,0,2,0,0,0
201636,9,97,0,1,6,0,0,2
201636,10,78,0,0,12,0,0,0
201637,1,21,0,0,12,0,0,0
201637,2,25,0,0,6,0,0,3
201637,3,40,0,0,3,0,0,0
201637,4,92,1,2,4,10,0,0
201637,5,105,0,1,5,0,0,0
201637,6,41,0,0,3,0,0,0
201637,7,11,0,0,0,0,0,0
201637,8,11,0,0,2,0,1,0
201637,9,118,1,3,7,0,2,3
201637,10,89,0,2,13,0,1,0
201638,1,15,0,0,5,0,0,0
201638,2,39,0,0,10,1,2,2
201638,3,51,0,0,1,0,0,0
201638,4,71,0,2,16,6,0,0
201638,5,133,0,2,5,0,0,0
201638,6,37,0,0,2,0,0,0
201638,7,12,0,0,1,0,1,0
201638,8,12,0,0,1,0,0,0
201638,9,161,0,2,17,0,0,3
201638,10,91,0,0,19,1,0,0
201639,1,18,0,0,0,0,0,0
201639,2,36,0,0,4,1,7,0
201639,3,82,0,1,2,0,0,0
201639,4,74,0,1,11,3,0,0
201639,5,142,1,0,5,0,1,0
201639,6,52,0,0,0,0,0,0
201639,7,18,0,0,3,0,2,0
201639,8,20,0,0,2,0,0,0
201639,9,114,0,2,13,0,1,0
201639,10,140,0,1,33,1,0,0
201640,1,31,0,0,6,0,0,0
201640,2,31,0,0,6,0,2,0
201640,3,112,0,2,2,0,0,0
201640,4,112,0,1,11,1,2,0
201640,5,204,0,0,7,0,0,1
201640,6,38,0,1,0,0,0,0
201640,7,24,0,0,2,0,1,0
201640,8,46,0,2,8,0,0,0
201640,9,186,0,3,27,0,0,3
201640,10,113,0,0,17,0,0,0
201641,1,14,0,0,2,0,0,0
201641,2,50,0,0,7,1,5,2
201641,3,127,0,0,1,0,1,0
201641,4,132,0,0,10,1,0,1
201641,5,203,0,0,7,0,0,0
201641,6,38,0,0,0,0,0,0
201641,7,23,0,0,1,0,0,0
201641,8,51,0,6,6,0,0,0
201641,9,195,0,5,27,0,1,3
201641,10,137,0,0,20,1,0,0
201642,1,25,0,0,3,0,0,0
201642,2,62,0,0,17,1,1,2
201642,3,158,0,0,2,0,0,0
201642,4,161,2,1,8,0,0,1
201642,5,217,0,0,15,0,2,1
201642,6,75,0,1,4,0,2,3
201642,7,26,0,0,1,0,0,0
201642,8,60,0,3,7,0,0,0
201642,9,228,0,7,52,0,2,3
201642,10,129,0,0,25,0,1,0
201643,1,30,0,0,5,0,0,0
201643,2,60,0,0,23,0,1,0
201643,3,175,0,1,8,0,0,0
201643,4,160,0,0,9,5,0,0
201643,5,233,0,1,8,0,1,0
201643,6,80,0,1,3,0,0,2
201643,7,26,0,0,2,0,0,0
201643,8,65,0,9,14,0,0,0
201643,9,221,1,0,35,0,0,1
201643,10,120,0,1,23,1,1,0
201644,1,34,0,0,8,0,1,0
201644,2,69,0,0,9,0,5,0
201644,3,192,0,1,5,0,0,1
201644,4,186,0,0,7,3,1,0
201644,5,245,0,1,11,0,1,0
201644,6,93,0,2,2,0,1,1
201644,7,26,1,0,1,0,1,0
201644,8,70,1,3,11,0,0,0
201644,9,251,0,5,36,0,0,5
201644,10,130,1,0,32,0,0,0
201645,1,23,0,0,1,0,0,0
201645,2,57,0,0,13,1,0,0
201645,3,191,0,1,9,0,2,0
201645,4,228,0,1,5,4,0,0
201645,5,231,0,0,8,0,1,0
201645,6,82,0,1,2,0,2,0
201645,7,20,0,0,0,0,0,0
201645,8,47,0,1,14,0,0,0
201645,9,243,0,1,64,0,1,1
201645,10,153,1,0,39,0,0,0
201646,1,37,0,0,8,0,0,0
201646,2,55,0,0,13,6,0,0
201646,3,184,1,1,10,1,0,0
201646,4,225,0,1,11,6,0,0
201646,5,251,0,0,26,0,1,1
201646,6,109,0,3,4,0,0,0
201646,7,26,0,0,4,0,0,0
201646,8,64,1,3,11,0,0,0
201646,9,256,0,1,61,0,4,0
201646,10,144,0,0,41,0,2,0
201647,1,18,0,0,1,0,0,1
201647,2,60,1,0,15,2,0,0
201647,3,156,3,1,12,3,1,0
201647,4,183,1,1,13,5,0,0
201647,5,186,2,0,11,0,1,0
201647,6,64,0,0,6,0,0,1
201647,7,22,0,0,5,0,0,0
201647,8,51,0,2,20,0,0,0
201647,9,237,7,1,56,0,2,1
201647,10,122,0,0,25,0,0,0
201648,1,29,0,0,16,0,0,0
201648,2,81,0,0,15,2,2,0
201648,3,237,5,1,38,2,0,3
201648,4,276,1,1,37,11,0,1
201648,5,307,1,1,22,0,9,1
201648,6,112,0,2,5,1,0,0
201648,7,46,0,0,12,0,0,0
201648,8,88,2,1,33,0,0,0
201648,9,362,3,6,108,1,5,0
201648,10,178,0,1,32,0,1,0
201649,1,53,0,0,24,0,0,1
201649,2,78,0,0,23,1,0,0
201649,3,314,0,3,88,0,2,2
201649,4,248,0,2,40,2,2,2
201649,5,369,0,1,49,0,9,1
201649,6,115,0,1,18,0,0,0
201649,7,41,0,1,11,0,1,0
201649,8,99,1,2,51,0,0,0
201649,9,414,2,4,147,0,6,1
201649,10,147,0,0,28,0,0,0
201650,1,52,0,5,24,0,0,1
201650,2,89,0,1,35,2,0,1
201650,3,364,0,0,123,0,5,2
201650,4,268,2,1,46,9,5,2
201650,5,408,0,3,90,3,6,3
201650,6,153,0,2,27,1,4,2
201650,7,58,0,2,21,0,1,2
201650,8,151,1,2,101,0,1,2
201650,9,519,6,2,204,1,5,3
201650,10,183,0,0,79,0,0,0
201651,1,72,0,7,44,3,1,0
201651,2,101,1,0,48,2,0,2
201651,3,335,1,3,108,0,4,3
201651,4,321,0,3,86,6,11,5
201651,5,483,1,4,136,3,14,8
201651,6,99,0,1,24,0,1,1
201651,7,80,3,2,39,1,1,5
201651,8,198,1,3,133,0,3,3
201651,9,545,3,6,261,1,0,1
201651,10,270,1,0,137,0,3,0
201652,1,111,0,3,85,0,3,3
201652,2,130,6,1,67,1,1,2
201652,3,448,0,2,198,4,5,7
201652,4,292,1,3,97,5,10,3
201652,5,507,2,2,164,0,25,6
201652,6,123,0,3,37,2,1,1
201652,7,125,2,0,75,0,4,5
201652,8,254,3,2,185,0,3,5
201652,9,957,15,14,582,0,7,4
201652,10,340,2,2,186,1,0,1
201701,1,160,0,4,115,2,1,6
201701,2,174,2,1,87,3,0,2
201701,3,567,0,6,247,3,4,20
201701,4,344,2,4,112,6,7,4
201701,5,480,1,8,166,0,22,11
201701,6,154,0,6,37,2,0,5
201701,7,117,0,1,55,0,5,3
201701,8,288,0,1,204,0,3,5
201701,9,1278,8,21,838,1,5,4
201701,10,364,0,1,206,2,0,0
201702,1,184,0,1,130,1,5,5
201702,2,180,2,1,81,0,1,0
201702,3,476,0,5,246,3,3,11
201702,4,451,3,4,181,10,5,6
201702,5,559,3,7,215,2,16,13
201702,6,213,0,3,77,1,1,18
201702,7,202,1,2,111,1,6,10
201702,8,330,2,2,202,0,8,4
201702,9,1363,17,23,737,6,4,7
201702,10,383,2,1,229,1,0,2
201703,1,237,0,1,175,1,3,13
201703,2,200,0,1,101,1,4,4
201703,3,552,1,3,295,1,2,21
201703,4,515,2,10,223,13,19,7
201703,5,660,3,8,318,3,14,23
201703,6,211,0,10,97,1,1,9
201703,7,180,2,2,102,0,12,6
201703,8,301,1,5,202,0,8,11
201703,9,1061,15,14,556,3,5,5
201703,10,352,0,3,183,3,1,5
201704,1,253,0,0,200,0,4,5
201704,2,219,1,0,122,2,1,4
201704,3,622,0,4,323,6,9,21
201704,4,486,5,8,202,9,16,7
201704,5,774,1,6,368,1,22,24
201704,6,312,1,7,138,1,2,21
201704,7,207,5,1,130,2,6,9
201704,8,276,0,4,166,1,5,18
201704,9,985,14,15,548,4,5,12
201704,10,423,2,2,234,4,0,2
201705,1,280,0,2,212,8,3,11
201705,2,238,2,1,129,9,5,5
201705,3,622,1,6,314,6,12,31
201705,4,578,2,6,258,11,24,8
201705,5,928,3,7,449,2,23,35
201705,6,397,3,6,173,2,2,18
201705,7,199,4,2,111,1,9,14
201705,8,460,3,3,227,1,9,48
201705,9,971,11,17,482,6,8,8
201705,10,406,1,1,235,4,1,4
201706,1,361,0,0,278,11,6,10
201706,2,248,3,1,142,5,5,7
201706,3,761,0,4,446,4,13,33
201706,4,669,3,12,307,10,32,17
201706,5,1062,4,16,510,4,47,73
201706,6,410,0,11,197,2,2,22
201706,7,227,4,4,134,0,10,13
201706,8,432,4,6,222,1,6,51
201706,9,983,5,15,555,5,4,11
201706,10,362,0,2,181,5,1,3
201707,1,296,0,2,197,24,2,17
201707,2,264,0,1,152,6,4,8
201707,3,754,0,2,448,10,8,49
201707,4,815,2,10,352,34,42,24
201707,5,1135,5,8,517,6,60,83
201707,6,449,1,13,191,11,2,29
201707,7,210,3,5,111,1,10,15
201707,8,352,3,9,152,1,9,66
201707,9,763,4,16,371,3,13,7
201707,10,294,0,2,125,8,3,2
201708,1,292,0,3,183,15,1,21
201708,2,212,0,1,120,7,4,10
201708,3,857,0,6,453,16,14,85
201708,4,850,1,29,344,28,49,24
201708,5,1084,4,7,517,6,53,100
201708,6,381,3,19,156,3,4,26
201708,7,196,0,2,94,3,6,14
201708,8,311,0,3,122,1,14,57
201708,9,607,3,14,282,3,12,11
201708,10,260,1,3,93,7,2,4
201709,1,188,1,0,105,14,3,17
201709,2,178,0,0,67,12,2,25
201709,3,680,0,7,256,18,12,78
201709,4,589,7,7,178,17,37,20
201709,5,870,1,5,358,9,56,91
201709,6,266,0,11,105,4,8,21
201709,7,121,1,1,38,2,7,8
201709,8,275,1,4,79,3,17,70
201709,9,588,2,18,235,12,6,18
201709,10,219,0,1,65,11,1,4
201710,1,161,0,0,74,30,3,13
201710,2,133,0,1,48,9,5,5
201710,3,555,2,2,199,19,9,74
201710,4,546,7,11,178,23,31,35
201710,5,800,0,5,260,3,59,100
201710,6,322,0,12,126,8,4,34
201710,7,87,0,0,41,0,5,7
201710,8,251,1,7,64,5,9,75
201710,9,545,3,12,204,5,8,28
201710,10,195,1,0,56,7,3,8
201711,1,94,0,0,30,19,1,16
201711,2,103,0,0,33,5,2,14
201711,3,452,1,2,130,20,13,76
201711,4,610,6,6,113,46,32,30
201711,5,698,1,5,181,5,50,127
201711,6,254,0,6,98,4,5,28
201711,7,72,0,0,28,3,2,17
201711,8,237,0,2,61,3,19,73
201711,9,518,4,4,187,11,11,45
201711,10,183,0,1,42,14,3,3
201712,1,146,0,1,46,27,4,33
201712,2,121,0,0,33,7,6,17
201712,3,484,0,4,127,8,17,108
201712,4,571,0,8,153,42,53,37
201712,5,740,2,4,170,7,71,167
201712,6,232,0,3,71,6,8,33
201712,7,79,0,0,16,3,3,15
201712,8,176,0,7,44,5,12,69
201712,9,489,1,3,133,6,13,30
201712,10,158,0,1,39,13,1,9
201713,1,168,0,0,54,28,7,45
201713,2,125,0,2,30,20,4,12
201713,3,457,0,6,100,12,19,95
201713,4,505,0,6,98,74,28,29
201713,5,720,2,3,139,18,50,212
201713,6,209,0,2,33,4,10,38
201713,7,58,0,0,15,6,1,13
201713,8,172,0,0,25,9,12,75
201713,9,399,0,7,95,2,9,45
201713,10,186,1,1,50,41,0,1
201714,1,172,1,0,43,6,12,68
201714,2,125,0,0,35,15,7,21
201714,3,309,0,3,42,4,11,59
201714,4,237,0,2,45,21,18,21
201714,5,531,0,2,66,12,42,153
201714,6,122,0,1,16,3,8,9
201714,7,40,0,1,5,4,1,4
201714,8,128,0,1,10,6,11,61
201714,9,366,0,7,75,3,7,39
201714,10,164,0,0,23,39,0,5
201715,1,143,0,2,27,2,6,66
201715,2,91,0,0,9,9,8,14
201715,3,174,0,1,11,4,4,40
201715,4,137,0,1,26,12,2,4
201715,5,422,1,0,46,15,22,114
201715,6,110,0,0,16,1,5,19
201715,7,30,0,0,2,0,1,7
201715,8,89,0,0,9,5,2,46
201715,9,300,0,1,51,5,14,52
201715,10,160,0,0,23,27,1,10
201716,1,90,1,1,12,1,9,36
201716,2,57,0,1,5,6,1,10
201716,3,189,0,1,4,2,8,35
201716,4,153,0,0,16,17,2,5
201716,5,406,0,0,32,6,13,73
201716,6,87,0,0,6,4,3,9
201716,7,25,0,0,1,2,1,9
201716,8,53,0,1,4,2,2,16
201716,9,304,0,4,51,6,10,51
201716,10,127,0,3,11,26,2,2
201717,1,52,0,0,4,0,1,17
201717,2,59,0,1,6,2,2,8
201717,3,155,0,0,9,0,9,6
201717,4,123,1,1,12,10,0,8
201717,5,314,0,1,8,3,13,45
201717,6,77,0,0,9,2,3,8
201717,7,11,0,0,0,0,1,2
201717,8,43,0,0,7,2,3,13
201717,9,308,0,4,65,10,14,65
201717,10,124,0,0,13,23,0,4
201718,1,38,0,0,4,1,0,17
201718,2,21,0,0,3,1,1,3
201718,3,158,0,0,1,2,5,8
201718,4,92,0,0,12,7,3,2
201718,5,239,0,1,9,13,4,20
201718,6,66,0,0,4,1,2,8
201718,7,12,0,0,0,1,0,2
201718,8,35,0,0,9,1,0,14
201718,9,256,2,4,35,5,14,44
201718,10,97,0,0,3,19,0,3
201719,1,24,0,0,3,0,0,2
201719,2,29,0,0,4,3,1,4
201719,3,121,0,1,1,0,0,5
201719,4,88,2,0,13,9,2,2
201719,5,163,0,0,12,3,3,12
201719,6,41,0,0,4,3,1,2
201719,7,16,0,0,1,0,1,0
201719,8,52,0,0,25,1,3,12
201719,9,251,0,2,29,3,26,73
201719,10,88,0,0,3,14,0,3
201720,1,9,0,0,2,0,0,1
201720,2,19,0,0,5,1,2,2
201720,3,82,0,1,3,1,1,1
201720,4,82,0,0,4,13,3,3
201720,5,152,1,0,3,0,1,10
201720,6,43,0,0,10,0,1,2
201720,7,11,0,0,0,0,0,1
201720,8,62,0,1,13,1,3,18
201720,9,228,0,3,21,7,21,61
201720,10,78,0,0,1,11,0,3
201721,1,5,0,0,0,0,0,1
201721,2,18,0,0,2,0,2,1
201721,3,51,0,0,0,0,0,1
201721,4,73,0,1,5,4,0,0
201721,5,97,0,0,2,0,2,5
201721,6,38,0,0,0,2,0,3
201721,7,7,0,0,0,0,0,0
201721,8,36,0,1,9,1,3,10
201721,9,227,0,5,23,9,19,57
201721,10,73,0,0,0,7,0,2
201722,1,2,0,0,0,0,0,0
201722,2,12,0,1,1,0,3,1
201722,3,41,0,0,0,0,0,0
201722,4,49,0,0,2,4,3,0
201722,5,66,0,0,1,0,3,4
201722,6,35,0,0,4,2,0,1
201722,7,3,0,0,0,0,0,0
201722,8,32,0,0,8,0,7,8
201722,9,198,0,0,20,4,34,43
201722,10,86,0,0,3,7,0,3
201723,1,2,0,0,1,0,0,0
201723,2,9,0,0,2,0,2,1
201723,3,40,0,0,2,0,0,1
201723,4,44,0,0,2,5,2,0
201723,5,49,0,0,2,0,1,1
201723,6,25,0,0,1,2,0,7
201723,7,2,0,0,0,0,0,0
201723,8,20,0,0,3,0,2,7
201723,9,170,0,4,15,5,15,46
201723,10,72,0,1,2,7,0,0
201724,1,3,0,0,1,0,0,0
201724,2,8,0,0,4,0,1,1
201724,3,20,0,0,0,0,0,1
201724,4,41,1,0,1,2,0,0
201724,5,49,0,3,1,0,0,1
201724,6,30,0,0,1,1,1,4
201724,7,4,0,0,0,0,0,0
201724,8,13,0,0,1,0,1,7
201724,9,171,0,5,30,1,8,29
201724,10,42,0,0,2,5,0,1
201725,1,2,0,0,2,0,0,0
201725,2,7,0,0,2,3,0,0
201725,3,20,0,0,0,0,0,0
201725,4,40,0,1,6,1,0,1
201725,5,55,0,0,3,0,0,1
201725,6,24,0,0,1,0,0,1
201725,7,5,0,0,1,0,0,0
201725,8,10,0,0,3,0,3,1
201725,9,164,0,3,19,3,8,26
201725,10,45,0,1,3,0,0,1
201726,1,6,0,0,0,0,0,0
201726,2,13,0,0,8,0,0,0
201726,3,15,0,0,0,0,0,0
201726,4,45,0,0,8,3,0,0
201726,5,57,0,2,2,0,0,1
201726,6,33,0,1,8,0,0,0
201726,7,7,0,0,0,0,0,0
201726,8,4,0,0,1,0,0,1
201726,9,110,1,1,5,1,4,18
201726,10,54,0,0,4,3,0,1
201727,1,0,0,0,0,0,0,0
201727,2,8,0,0,3,0,0,0
201727,3,19,0,1,1,0,0,0
201727,4,37,0,1,4,3,0,0
201727,5,43,0,1,3,0,0,0
201727,6,17,0,0,2,0,0,0
201727,7,4,0,0,0,0,0,0
201727,8,8,0,0,1,0,0,3
201727,9,108,0,5,11,1,6,3
201727,10,35,0,2,2,1,0,0
201728,1,5,0,0,1,0,0,0
201728,2,3,0,0,2,1,0,0
201728,3,13,0,0,0,0,0,0
201728,4,51,0,2,9,2,0,0
201728,5,58,0,0,0,0,0,2
201728,6,23,0,0,1,0,0,0
201728,7,11,0,0,0,0,0,0
201728,8,8,0,0,1,0,0,3
201728,9,100,0,2,11,1,4,2
201728,10,58,0,0,5,7,0,0
201729,1,0,0,0,0,0,0,0
201729,2,6,0,0,3,0,0,0
201729,3,6,0,0,0,0,0,0
201729,4,54,0,1,2,7,0,0
201729,5,86,0,2,5,0,0,0
201729,6,24,0,0,1,0,0,0
201729,7,4,0,0,0,0,0,0
201729,8,20,0,0,3,1,0,0
201729,9,93,0,4,5,1,0,5
201729,10,38,0,0,6,0,0,0
201730,1,2,0,0,2,0,0,0
201730,2,4,0,0,0,0,0,0
201730,3,10,0,1,0,0,0,0
201730,4,36,0,1,8,3,0,1
201730,5,69,1,3,7,0,0,1
201730,6,25,0,0,1,0,0,0
201730,7,0,0,0,0,0,0,0
201730,8,6,0,0,1,0,0,0
201730,9,105,1,1,5,1,1,17
201730,10,25,0,0,3,0,0,0
201731,1,0,0,0,0,0,0,0
201731,2,6,0,1,2,1,0,0
201731,3,17,0,0,0,0,0,0
201731,4,33,0,1,14,2,0,0
201731,5,59,0,1,7,0,0,0
201731,6,26,0,0,0,0,0,0
201731,7,4,0,0,3,0,0,0
201731,8,11,0,0,3,0,0,1
201731,9,70,0,1,4,0,0,1
201731,10,27,0,0,4,0,0,0
201732,1,2,0,1,1,0,0,0
201732,2,4,0,0,3,0,0,0
201732,3,13,0,1,2,0,0,0
201732,4,48,0,0,10,6,0,0
201732,5,54,0,0,7,1,0,1
201732,6,23,0,1,1,0,0,0
201732,7,1,0,0,1,0,0,0
201732,8,9,0,0,5,0,0,0
201732,9,44,0,0,1,1,0,1
201732,10,43,0,0,4,0,0,0
201733,1,4,0,0,0,0,0,1
201733,2,4,0,0,1,0,0,0
201733,3,17,0,0,2,0,0,0
201733,4,44,0,0,5,0,0,0
201733,5,54,2,2,4,0,0,0
201733,6,18,0,0,0,1,0,0
201733,7,2,0,0,1,0,0,0
201733,8,11,0,0,0,0,0,0
201733,9,45,1,2,6,0,0,0
201733,10,35,0,0,1,0,0,0
201734,1,2,0,0,0,0,0,0
201734,2,2,0,0,0,0,0,0
201734,3,20,0,0,4,0,0,0
201734,4,34,1,0,2,0,0,0
201734,5,49,0,0,11,0,0,1
201734,6,47,0,0,8,8,0,0
201734,7,3,0,0,1,0,0,0
201734,8,5,0,0,1,0,0,0
201734,9,49,0,2,3,0,0,1
201734,10,57,1,1,8,0,0,1
201735,1,7,0,0,2,0,0,0
201735,2,2,0,0,0,0,0,0
201735,3,22,0,0,1,0,0,0
201735,4,42,1,1,4,2,0,0
201735,5,56,0,4,12,0,0,0
201735,6,63,0,0,3,5,0,0
201735,7,8,0,0,4,0,0,0
201735,8,5,0,0,0,0,0,0
201735,9,51,0,3,3,0,0,0
201735,10,57,0,7,14,0,0,0
201736,1,3,0,0,2,0,0,0
201736,2,0,0,0,0,0,0,0
201736,3,11,0,0,2,0,0,0
201736,4,8,0,1,1,0,0,0
201736,5,38,1,1,3,0,0,0
201736,6,33,0,0,8,0,0,0
201736,7,5,0,0,0,0,0,0
201736,8,1,1,0,0,0,0,0
201736,9,38,0,0,3,0,0,0
201736,10,3,0,1,0,0,0,0
